condition,threshold,n_final,compression_ratio,mean_support,singletons,distinct_predicates,seconds
fixed,0.78,2961,2.867950016886187,2.867950016886187,2047,2851,399.1444311924279
fixed,0.82,4136,2.0531914893617023,2.0531914893617023,3165,3943,1.2907185032963753
fixed,0.86,5366,1.5825568393589267,1.5825568393589267,4429,5076,1.7436394691467285
fixed,0.9,6606,1.2854980320920375,1.2854980320920375,5893,6176,34.73909713327885
fixed,0.94,7576,1.12090813093981,1.12090813093981,7115,6989,75.97955851070583
event,0.78,3515,2.898150782361309,2.898150782361309,2449,3356,381.41368146799505
event,0.82,4870,2.091786447638604,2.091786447638604,3766,4629,1.1587528083473444
event,0.86,6398,1.5922163175992499,1.5922163175992499,5355,6011,17.431704504415393
event,0.9,7802,1.3056908485003844,1.3056908485003844,6984,7250,73.55558417364955
event,0.94,9016,1.1298802129547472,1.1298802129547472,8522,8264,120.92476067319512
