condition,node_index,node_key,worldmm_state,interval_state
fixed,0,111143000,5,5
fixed,1,111193000,17,17
fixed,2,111243000,53,53
fixed,3,111293000,69,69
fixed,4,111343000,102,102
fixed,5,111393000,102,102
fixed,6,111442900,109,109
fixed,7,111493000,128,128
fixed,8,111543000,142,142
fixed,9,111593000,177,177
fixed,10,112043000,188,188
fixed,11,112092900,207,207
fixed,12,112143000,233,233
fixed,13,112193000,261,261
fixed,14,112243000,276,276
fixed,15,112292900,308,308
fixed,16,112342900,323,323
fixed,17,112393000,323,323
fixed,18,112442900,329,329
fixed,19,112493000,337,337
fixed,20,112543000,337,337
fixed,21,112592900,342,342
fixed,22,113043000,359,359
fixed,23,113093000,373,373
fixed,24,113143000,373,373
fixed,25,113193000,409,409
fixed,26,113242900,429,429
fixed,27,113293000,453,453
fixed,28,113342900,468,468
fixed,29,113393000,505,505
fixed,30,113443000,516,516
fixed,31,113493000,517,517
fixed,32,113543000,517,517
fixed,33,113592800,535,535
fixed,34,114043000,548,548
fixed,35,114092900,563,563
fixed,36,114142900,580,580
fixed,37,114184500,588,588
fixed,38,117155700,607,607
fixed,39,117210000,607,607
fixed,40,117260000,632,632
fixed,41,117305700,643,643
fixed,42,117355500,647,647
fixed,43,117410000,674,674
fixed,44,117455800,689,689
fixed,45,117505700,700,700
fixed,46,117554900,721,721
fixed,47,118010000,747,747
fixed,48,118053000,758,758
fixed,49,118104900,772,772
fixed,50,118155700,784,784
fixed,51,118210000,784,784
fixed,52,118260000,784,784
fixed,53,118305900,784,784
fixed,54,118360000,784,784
fixed,55,118405900,816,816
fixed,56,118430100,836,836
fixed,57,119073000,858,858
fixed,58,119122900,876,876
fixed,59,119172900,897,897
fixed,60,119222900,907,907
fixed,61,119272900,911,911
fixed,62,119322800,926,926
fixed,63,119372900,946,946
fixed,64,119423000,952,952
fixed,65,119473000,952,952
fixed,66,119520000,955,955
fixed,67,119572500,968,968
fixed,68,120022800,975,975
fixed,69,120072700,986,986
fixed,70,120125300,988,988
fixed,71,120145600,995,995
fixed,72,120253000,1005,1005
fixed,73,120303000,1021,1021
fixed,74,120353000,1030,1030
fixed,75,120403000,1040,1040
fixed,76,120452900,1040,1040
fixed,77,120491500,1056,1056
fixed,78,121403000,1077,1077
fixed,79,121453000,1077,1077
fixed,80,121503000,1091,1091
fixed,81,121553000,1091,1091
fixed,82,122003000,1093,1093
fixed,83,122053000,1093,1093
fixed,84,122054900,1098,1098
fixed,85,210490000,1098,1098
fixed,86,210540000,1112,1112
fixed,87,210590000,1124,1124
fixed,88,211040000,1144,1144
fixed,89,211084900,1170,1170
fixed,90,211135900,1176,1176
fixed,91,211185900,1183,1183
fixed,92,211240000,1194,1194
fixed,93,211290000,1211,1211
fixed,94,211340000,1370,1370
fixed,95,211390000,1394,1394
fixed,96,211435900,1396,1396
fixed,97,211485800,1417,1417
fixed,98,211540000,1446,1446
fixed,99,211590000,1446,1446
fixed,100,212035800,1482,1482
fixed,101,212085700,1482,1482
fixed,102,212090200,1482,1482
fixed,103,212473000,1482,1482
fixed,104,212523000,1496,1496
fixed,105,212573000,1506,1506
fixed,106,213023000,1514,1514
fixed,107,213073000,1526,1526
fixed,108,213123000,1537,1537
fixed,109,213173000,1537,1537
fixed,110,213223000,1539,1539
fixed,111,213272800,1549,1549
fixed,112,213323000,1554,1554
fixed,113,213373000,1563,1563
fixed,114,213423000,1563,1563
fixed,115,213472800,1573,1573
fixed,116,213523000,1573,1573
fixed,117,213573000,1573,1573
fixed,118,213582700,1577,1577
fixed,119,215550000,1588,1588
fixed,120,215595900,1593,1593
fixed,121,216050000,1613,1613
fixed,122,216100000,1613,1613
fixed,123,216150000,1613,1613
fixed,124,216195700,1651,1651
fixed,125,216245700,1663,1663
fixed,126,216300000,1675,1675
fixed,127,216350000,1684,1684
fixed,128,216395900,1710,1710
fixed,129,216445900,1720,1720
fixed,130,216500000,1728,1728
fixed,131,216550000,1749,1749
fixed,132,216595900,1765,1765
fixed,133,217045800,1778,1778
fixed,134,217095900,1786,1786
fixed,135,217145900,1792,1792
fixed,136,217200000,1804,1804
fixed,137,217250000,1815,1815
fixed,138,217300000,1815,1815
fixed,139,217345900,1830,1830
fixed,140,217395800,1836,1836
fixed,141,217450000,1840,1840
fixed,142,217495900,1854,1854
fixed,143,217545800,1866,1866
fixed,144,218000000,1876,1876
fixed,145,218045900,1876,1876
fixed,146,218100000,1876,1876
fixed,147,218145900,1913,1913
fixed,148,218195800,1929,1929
fixed,149,218245900,1934,1934
fixed,150,218300000,1962,1962
fixed,151,218350000,1962,1962
fixed,152,218371400,1962,1962
fixed,153,221002500,1974,1974
fixed,154,221053000,1983,1983
fixed,155,221102700,2003,2003
fixed,156,221153000,2003,2003
fixed,157,221203000,2011,2011
fixed,158,221253000,2022,2022
fixed,159,221302900,2042,2042
fixed,160,221353000,2042,2042
fixed,161,221403000,2047,2047
fixed,162,221452900,2059,2059
fixed,163,221503000,2065,2065
fixed,164,221553000,2071,2071
fixed,165,222002900,2081,2081
fixed,166,222052700,2091,2091
fixed,167,222102600,2105,2105
fixed,168,222112800,2109,2109
fixed,169,222422700,2109,2109
fixed,170,222472700,2113,2113
fixed,171,222522900,2141,2141
fixed,172,222572900,2141,2141
fixed,173,222582300,2148,2148
fixed,174,311215700,2160,2160
fixed,175,311265800,2163,2163
fixed,176,311320000,2175,2175
fixed,177,311365800,2184,2184
fixed,178,311420000,2186,2186
fixed,179,311465900,2186,2186
fixed,180,311515900,2200,2200
fixed,181,311570000,2200,2200
fixed,182,312015800,2200,2200
fixed,183,312065900,2212,2212
fixed,184,312120000,2212,2212
fixed,185,312165800,2232,2232
fixed,186,312215900,2249,2249
fixed,187,312270000,2249,2249
fixed,188,312320000,2277,2277
fixed,189,312370000,2286,2286
fixed,190,312391100,2292,2292
fixed,191,314542900,2292,2292
fixed,192,314593000,2292,2292
fixed,193,315043000,2308,2308
fixed,194,315093000,2308,2308
fixed,195,315143000,2319,2319
fixed,196,315192900,2325,2325
fixed,197,315243000,2339,2339
fixed,198,315292700,2339,2339
fixed,199,315343000,2339,2339
fixed,200,315393000,2369,2369
fixed,201,315442600,2402,2402
fixed,202,315493000,2402,2402
fixed,203,315543000,2416,2416
fixed,204,315593000,2426,2426
fixed,205,316042900,2429,2429
fixed,206,316093000,2459,2459
fixed,207,316142900,2473,2473
fixed,208,316192900,2473,2473
fixed,209,316243000,2479,2479
fixed,210,316293000,2479,2479
fixed,211,316342900,2495,2495
fixed,212,316392800,2495,2495
fixed,213,316443000,2513,2513
fixed,214,316493000,2518,2518
fixed,215,316543000,2518,2518
fixed,216,316592800,2529,2529
fixed,217,317042900,2540,2540
fixed,218,317092600,2548,2548
fixed,219,317143000,2559,2559
fixed,220,317193000,2570,2570
fixed,221,317243000,2582,2582
fixed,222,317293000,2594,2594
fixed,223,317325900,2597,2597
fixed,224,318062700,2608,2608
fixed,225,318112900,2608,2608
fixed,226,318163000,2619,2619
fixed,227,318213000,2631,2631
fixed,228,318214800,2633,2633
fixed,229,319390000,2637,2637
fixed,230,319435800,2637,2637
fixed,231,319485600,2643,2643
fixed,232,319540000,2661,2661
fixed,233,319590000,2661,2661
fixed,234,320040000,2689,2689
fixed,235,320090000,2704,2704
fixed,236,320135400,2704,2704
fixed,237,320185900,2721,2721
fixed,238,320235800,2737,2737
fixed,239,320290000,2745,2745
fixed,240,320335800,2745,2745
fixed,241,320385700,2756,2756
fixed,242,320440000,2774,2774
fixed,243,320490000,2782,2782
fixed,244,320495500,2789,2789
fixed,245,321053000,2793,2793
fixed,246,321103000,2797,2797
fixed,247,321153000,2813,2813
fixed,248,321202900,2825,2825
fixed,249,321253000,2825,2825
fixed,250,321303000,2825,2825
fixed,251,321352900,2827,2827
fixed,252,321403000,2831,2831
fixed,253,321453000,2839,2839
fixed,254,321502900,2839,2839
fixed,255,321553000,2839,2839
fixed,256,322003000,2841,2841
fixed,257,322052900,2854,2854
fixed,258,322102900,2859,2859
fixed,259,322153000,2864,2864
fixed,260,322202900,2864,2864
fixed,261,322253000,2872,2872
fixed,262,322303000,2872,2872
fixed,263,322353000,2872,2872
fixed,264,322402900,2872,2872
fixed,265,322453000,2874,2874
fixed,266,322503000,2874,2874
fixed,267,322513400,2879,2879
fixed,268,410530000,2879,2879
fixed,269,410580000,2879,2879
fixed,270,411025900,2885,2885
fixed,271,411075800,2890,2890
fixed,272,411125800,2896,2896
fixed,273,411175800,2931,2931
fixed,274,411225800,2946,2946
fixed,275,411280000,2954,2954
fixed,276,411330000,2979,2979
fixed,277,411375700,2979,2979
fixed,278,411425700,2979,2979
fixed,279,411475600,3004,3004
fixed,280,411530000,3004,3004
fixed,281,411580000,3004,3004
fixed,282,412030000,3004,3004
fixed,283,412080000,3004,3004
fixed,284,412125900,3019,3019
fixed,285,412175900,3034,3034
fixed,286,412225900,3034,3034
fixed,287,412275900,3034,3034
fixed,288,412330000,3037,3037
fixed,289,412380000,3037,3037
fixed,290,412430000,3053,3053
fixed,291,412480000,3068,3068
fixed,292,412530000,3068,3068
fixed,293,412580000,3068,3068
fixed,294,413030000,3087,3087
fixed,295,413080000,3091,3091
fixed,296,413130000,3125,3125
fixed,297,413180000,3139,3139
fixed,298,413225900,3156,3156
fixed,299,413280000,3167,3167
fixed,300,413325900,3167,3167
fixed,301,413375900,3167,3167
fixed,302,413404300,3167,3167
fixed,303,415342900,3167,3167
fixed,304,415393000,3198,3198
fixed,305,415442900,3204,3204
fixed,306,415492800,3204,3204
fixed,307,415543000,3212,3212
fixed,308,415592900,3229,3229
fixed,309,416042800,3237,3237
fixed,310,416092800,3237,3237
fixed,311,416142900,3237,3237
fixed,312,416193000,3238,3238
fixed,313,416242900,3243,3243
fixed,314,416292900,3255,3255
fixed,315,416342800,3267,3267
fixed,316,416392100,3267,3267
fixed,317,416442900,3279,3279
fixed,318,416493000,3293,3293
fixed,319,416542900,3350,3350
fixed,320,416593000,3391,3391
fixed,321,417042400,3399,3399
fixed,322,417092700,3437,3437
fixed,323,417142800,3453,3453
fixed,324,417192800,3457,3457
fixed,325,417242900,3464,3464
fixed,326,417293000,3472,3472
fixed,327,417342900,3474,3474
fixed,328,417392800,3474,3474
fixed,329,417442800,3482,3482
fixed,330,417493000,3501,3501
fixed,331,417542900,3526,3526
fixed,332,417593000,3531,3531
fixed,333,418043000,3531,3531
fixed,334,418092900,3559,3559
fixed,335,418143000,3579,3579
fixed,336,418193000,3579,3579
fixed,337,418242900,3591,3591
fixed,338,418293000,3603,3603
fixed,339,418343000,3603,3603
fixed,340,418392900,3628,3628
fixed,341,418442800,3641,3641
fixed,342,418455700,3645,3645
fixed,343,420432900,3666,3666
fixed,344,420482600,3677,3677
fixed,345,420533000,3708,3708
fixed,346,420582900,3708,3708
fixed,347,421032700,3717,3717
fixed,348,421083000,3723,3723
fixed,349,421133000,3723,3723
fixed,350,421183000,3723,3723
fixed,351,421232800,3730,3730
fixed,352,421283000,3733,3733
fixed,353,421332900,3741,3741
fixed,354,421383000,3741,3741
fixed,355,421432900,3741,3741
fixed,356,421483000,3744,3744
fixed,357,421533000,3744,3744
fixed,358,421582900,3744,3744
fixed,359,422033000,3756,3756
fixed,360,422082900,3756,3756
fixed,361,422132900,3756,3756
fixed,362,422183000,3766,3766
fixed,363,422233000,3767,3767
fixed,364,422242500,3768,3768
fixed,365,511052700,3775,3775
fixed,366,511102900,3775,3775
fixed,367,511152900,3798,3798
fixed,368,511203000,3801,3801
fixed,369,511253000,3801,3801
fixed,370,511302900,3817,3817
fixed,371,511353000,3829,3829
fixed,372,511402900,3829,3829
fixed,373,511453000,3829,3829
fixed,374,511503000,3880,3880
fixed,375,511552800,3881,3881
fixed,376,512003000,3898,3898
fixed,377,512052800,3898,3898
fixed,378,512102900,3911,3911
fixed,379,512153000,3919,3919
fixed,380,512203000,3943,3943
fixed,381,512252900,3975,3975
fixed,382,512302900,3986,3986
fixed,383,512353000,3992,3992
fixed,384,512402700,4016,4016
fixed,385,512453000,4016,4016
fixed,386,512503000,4042,4042
fixed,387,512552900,4057,4057
fixed,388,513003000,4061,4061
fixed,389,513004300,4061,4061
fixed,390,515053000,4089,4089
fixed,391,515102600,4106,4106
fixed,392,515152900,4114,4114
fixed,393,515203000,4129,4129
fixed,394,515251400,4160,4160
fixed,395,515302900,4186,4186
fixed,396,515332500,4213,4213
fixed,397,515555800,4223,4223
fixed,398,516010000,4247,4247
fixed,399,516055700,4247,4247
fixed,400,516105900,4274,4274
fixed,401,516155600,4292,4292
fixed,402,516205900,4308,4308
fixed,403,516255800,4330,4330
fixed,404,516310000,4345,4345
fixed,405,516355800,4345,4345
fixed,406,516405900,4357,4357
fixed,407,516420700,4365,4365
fixed,408,516544100,4375,4375
fixed,409,518020000,4385,4385
fixed,410,518070000,4393,4393
fixed,411,518120000,4406,4406
fixed,412,518165900,4412,4412
fixed,413,518215800,4412,4412
fixed,414,518270000,4421,4421
fixed,415,518320000,4421,4421
fixed,416,518365900,4434,4434
fixed,417,518415900,4434,4434
fixed,418,518470000,4440,4440
fixed,419,518520000,4440,4440
fixed,420,518565900,4440,4440
fixed,421,519020000,4440,4440
fixed,422,519070000,4454,4454
fixed,423,519120000,4459,4459
fixed,424,519165700,4459,4459
fixed,425,519215700,4468,4468
fixed,426,519265900,4492,4492
fixed,427,519320000,4505,4505
fixed,428,519364800,4510,4510
fixed,429,519420000,4525,4525
fixed,430,519465900,4525,4525
fixed,431,519515500,4528,4528
fixed,432,519570000,4535,4535
fixed,433,520015900,4535,4535
fixed,434,520065900,4539,4539
fixed,435,520120000,4543,4543
fixed,436,520170000,4543,4543
fixed,437,520220000,4550,4550
fixed,438,520270000,4550,4550
fixed,439,520315800,4550,4550
fixed,440,520365900,4576,4576
fixed,441,520420000,4579,4579
fixed,442,520470000,4579,4579
fixed,443,520515900,4579,4579
fixed,444,520570000,4586,4586
fixed,445,521020000,4599,4599
fixed,446,521030300,4602,4602
fixed,447,522185800,4611,4611
fixed,448,522235900,4622,4622
fixed,449,522285900,4630,4630
fixed,450,522335800,4639,4639
fixed,451,522390000,4642,4642
fixed,452,522434700,4645,4645
fixed,453,522490000,4645,4645
fixed,454,522535300,4646,4646
fixed,455,522590000,4659,4659
fixed,456,523040000,4663,4663
fixed,457,523085800,4665,4665
fixed,458,523135900,4675,4675
fixed,459,523190000,4683,4683
fixed,460,523235800,4687,4687
fixed,461,523261600,4692,4692
fixed,462,712005800,4697,4697
fixed,463,712060000,4729,4729
fixed,464,712105800,4751,4751
fixed,465,712160000,4764,4764
fixed,466,712210000,4772,4772
fixed,467,712255900,4772,4772
fixed,468,712310000,4782,4782
fixed,469,712355900,4792,4792
fixed,470,712405900,4801,4801
fixed,471,712460000,4822,4822
fixed,472,712505900,4842,4842
fixed,473,712555900,4877,4877
fixed,474,713005900,4877,4877
fixed,475,713060000,4877,4877
fixed,476,713110000,4892,4892
fixed,477,713134300,4900,4900
fixed,478,713482500,4904,4904
fixed,479,713532600,4907,4907
fixed,480,713582700,4911,4911
fixed,481,714033000,4920,4920
fixed,482,714082500,4925,4925
fixed,483,714133000,4931,4931
fixed,484,714183000,4938,4938
fixed,485,714232500,4948,4948
fixed,486,714282600,4950,4950
fixed,487,714332700,4950,4950
fixed,488,714382900,4956,4956
fixed,489,714432800,4958,4958
fixed,490,714482600,4959,4959
fixed,491,714532500,4965,4965
fixed,492,714582700,4978,4978
fixed,493,715033000,5021,5021
fixed,494,715082600,5033,5033
fixed,495,715133000,5033,5033
fixed,496,715183000,5038,5038
fixed,497,715232800,5045,5045
fixed,498,715282900,5056,5056
fixed,499,715332800,5061,5061
fixed,500,715370000,5071,5071
fixed,501,717400000,5072,5072
fixed,502,717445800,5085,5085
fixed,503,717500000,5085,5085
fixed,504,717545700,5108,5108
fixed,505,717595800,5116,5116
fixed,506,718045900,5142,5142
fixed,507,718095900,5142,5142
fixed,508,718150000,5142,5142
fixed,509,718195700,5161,5161
fixed,510,718250000,5175,5175
fixed,511,718295700,5181,5181
fixed,512,718345600,5210,5210
fixed,513,718400000,5217,5217
fixed,514,718445800,5219,5219
fixed,515,718495800,5234,5234
fixed,516,718545900,5234,5234
fixed,517,719000000,5234,5234
fixed,518,719050000,5254,5254
fixed,519,719095600,5260,5260
fixed,520,719145700,5276,5276
fixed,521,719195700,5291,5291
fixed,522,719245900,5295,5295
fixed,523,719295600,5298,5298
fixed,524,719345400,5299,5299
fixed,525,719395900,5299,5299
fixed,526,719450000,5303,5303
fixed,527,719495900,5312,5312
fixed,528,719550000,5329,5329
fixed,529,719591700,5335,5335
fixed,530,720040000,5344,5344
fixed,531,720095700,5351,5351
fixed,532,720145900,5361,5361
fixed,533,720154900,5366,5366
event,0,111120300,9,9
event,1,111153815,35,35
event,2,111200300,56,56
event,3,111225100,77,77
event,4,111273715,93,93
event,5,111320315,107,107
event,6,111362800,114,114
event,7,111411200,127,127
event,8,111442700,141,141
event,9,111485900,141,141
event,10,111534515,165,165
event,11,111553800,175,175
event,12,111594515,186,186
event,13,112022115,204,204
event,14,112050300,210,210
event,15,112094900,234,234
event,16,112143200,248,248
event,17,112165915,248,248
event,18,112213300,279,279
event,19,112260315,279,279
event,20,112284515,289,289
event,21,112332615,305,305
event,22,112375500,309,309
event,23,112425000,309,309
event,24,112461915,318,318
event,25,112501300,344,344
event,26,112535600,350,350
event,27,112570615,360,360
event,28,113015400,381,381
event,29,113064500,388,388
event,30,113103000,391,391
event,31,113134800,403,403
event,32,113175115,432,432
event,33,113220600,436,436
event,34,113245000,450,450
event,35,113291600,456,456
event,36,113315400,470,470
event,37,113362500,479,479
event,38,113410115,484,484
event,39,113453000,484,484
event,40,113492800,493,493
event,41,113542215,500,500
event,42,113592000,521,521
event,43,114034600,534,534
event,44,114080115,559,559
event,45,114124500,577,577
event,46,114150515,577,577
event,47,114184100,590,590
event,48,114234100,590,590
event,49,117151515,607,607
event,50,117200915,648,648
event,51,117242000,660,660
event,52,117290900,665,665
event,53,117325015,672,672
event,54,117344615,681,681
event,55,117390815,704,704
event,56,117404815,713,713
event,57,117445615,720,720
event,58,117475600,736,736
event,59,117521915,743,743
event,60,117563215,743,743
event,61,118002500,795,795
event,62,118034015,795,795
event,63,118081615,808,808
event,64,118110415,821,821
event,65,118132315,823,823
event,66,118174400,842,842
event,67,118201600,847,847
event,68,118251215,851,851
event,69,118265815,860,860
event,70,118302515,882,882
event,71,118350400,888,888
event,72,118391800,898,898
event,73,118430200,905,905
event,74,119070815,905,905
event,75,119104015,923,923
event,76,119152915,940,940
event,77,119201700,972,972
event,78,119251600,972,972
event,79,119293315,989,989
event,80,119340500,993,993
event,81,119385915,1014,1014
event,82,119433900,1037,1037
event,83,119482115,1046,1046
event,84,119525715,1052,1052
event,85,119572615,1061,1061
event,86,120030000,1064,1064
event,87,120070000,1073,1073
event,88,120115700,1077,1077
event,89,120144400,1084,1084
event,90,120245400,1095,1095
event,91,120264115,1099,1099
event,92,120303715,1100,1100
event,93,120353015,1106,1106
event,94,120400400,1139,1139
event,95,120412215,1147,1147
event,96,120451315,1159,1159
event,97,120490800,1160,1160
event,98,120540800,1161,1161
event,99,121355916,1161,1161
event,100,121394600,1167,1167
event,101,121410200,1167,1167
event,102,121455015,1172,1172
event,103,121500200,1177,1177
event,104,121545715,1198,1198
event,105,121593215,1198,1198
event,106,122022300,1217,1217
event,107,122054900,1230,1230
event,108,210453600,1237,1237
event,109,210501215,1245,1245
event,110,210550315,1260,1260
event,111,210564400,1265,1265
event,112,211011900,1271,1271
event,113,211054600,1276,1276
event,114,211100215,1286,1286
event,115,211143800,1287,1287
event,116,211161100,1290,1290
event,117,211200800,1295,1295
event,118,211245400,1308,1308
event,119,211292915,1326,1326
event,120,211322900,1342,1342
event,121,211365115,1346,1346
event,122,211393815,1354,1354
event,123,211430600,1354,1354
event,124,211463615,1371,1371
event,125,211493700,1379,1379
event,126,211543500,1379,1379
event,127,211593115,1391,1391
event,128,212042715,1407,1407
event,129,212090000,1407,1407
event,130,212140000,1407,1407
event,131,212464615,1407,1407
event,132,212504900,1410,1410
event,133,212551915,1418,1418
event,134,213000315,1435,1435
event,135,213015600,1447,1447
event,136,213065400,1447,1447
event,137,213111115,1454,1454
event,138,213144900,1466,1466
event,139,213174500,1478,1478
event,140,213220100,1478,1478
event,141,213261100,1485,1485
event,142,213295715,1493,1493
event,143,213340300,1504,1504
event,144,213385115,1509,1509
event,145,213422300,1522,1522
event,146,213471115,1542,1542
event,147,213512815,1552,1552
event,148,213553500,1554,1554
event,149,213582115,1567,1567
event,150,214032115,1567,1567
event,151,215541300,1571,1571
event,152,215585700,1574,1574
event,153,216035115,1577,1577
event,154,216040615,1577,1577
event,155,216090100,1577,1577
event,156,216125400,1585,1585
event,157,216174600,1585,1585
event,158,216214915,1588,1588
event,159,216244500,1599,1599
event,160,216283800,1615,1615
event,161,216325415,1634,1634
event,162,216341115,1642,1642
event,163,216385700,1665,1665
event,164,216434315,1686,1686
event,165,216472615,1705,1705
event,166,216520615,1705,1705
event,167,216553115,1714,1714
event,168,217001600,1722,1722
event,169,217015000,1739,1739
event,170,217060900,1739,1739
event,171,217095600,1748,1748
event,172,217122000,1750,1750
event,173,217151115,1757,1757
event,174,217200215,1780,1780
event,175,217222915,1786,1786
event,176,217270815,1802,1802
event,177,217292515,1816,1816
event,178,217341815,1856,1856
event,179,217354815,1863,1863
event,180,217402400,1869,1869
event,181,217451515,1869,1869
event,182,217485115,1987,1987
event,183,217522115,1991,1991
event,184,217572000,2023,2023
event,185,218005900,2034,2034
event,186,218034515,2041,2041
event,187,218082015,2041,2041
event,188,218125915,2065,2065
event,189,218170315,2065,2065
event,190,218215915,2070,2070
event,191,218264215,2074,2074
event,192,218290215,2086,2086
event,193,218335300,2088,2088
event,194,218371400,2098,2098
event,195,221001300,2106,2106
event,196,221043415,2119,2119
event,197,221082715,2131,2131
event,198,221125315,2143,2143
event,199,221170115,2161,2161
event,200,221215200,2179,2179
event,201,221255400,2180,2180
event,202,221302215,2183,2183
event,203,221351515,2211,2211
event,204,221392015,2223,2223
event,205,221425600,2234,2234
event,206,221475015,2239,2239
event,207,221504415,2245,2245
event,208,221552100,2252,2252
event,209,221590400,2255,2255
event,210,222035015,2264,2264
event,211,222084100,2276,2276
event,212,222112815,2279,2279
event,213,222381500,2284,2284
event,214,222425115,2288,2288
event,215,222450500,2291,2291
event,216,222500200,2296,2296
event,217,222542315,2315,2315
event,218,222582300,2343,2343
event,219,311201115,2348,2348
event,220,311250315,2356,2356
event,221,311290400,2368,2368
event,222,311335015,2372,2372
event,223,311383600,2376,2376
event,224,311415500,2376,2376
event,225,311464300,2376,2376
event,226,311510100,2392,2392
event,227,311535400,2408,2408
event,228,311563315,2415,2415
event,229,312000915,2417,2417
event,230,312045600,2435,2435
event,231,312092415,2442,2442
event,232,312140000,2454,2454
event,233,312182415,2454,2454
event,234,312224915,2467,2467
event,235,312272700,2467,2467
event,236,312305515,2551,2551
event,237,312333300,2551,2551
event,238,312375600,2563,2563
event,239,312390915,2565,2565
event,240,312440915,2565,2565
event,241,314533615,2583,2583
event,242,314572915,2597,2597
event,243,315013800,2604,2604
event,244,315062300,2614,2614
event,245,315112200,2627,2627
event,246,315150215,2627,2627
event,247,315173700,2640,2640
event,248,315210000,2670,2670
event,249,315245800,2670,2670
event,250,315292715,2670,2670
event,251,315340400,2681,2681
event,252,315370415,2691,2691
event,253,315413600,2715,2715
event,254,315461215,2724,2724
event,255,315495000,2740,2740
event,256,315530100,2740,2740
event,257,315564100,2748,2748
event,258,316011800,2753,2753
event,259,316042100,2767,2767
event,260,316073315,2775,2775
event,261,316111915,2782,2782
event,262,316160600,2782,2782
event,263,316210115,2782,2782
event,264,316225315,2783,2783
event,265,316274100,2804,2804
event,266,316320000,2812,2812
event,267,316352600,2812,2812
event,268,316384915,2830,2830
event,269,316433915,2846,2846
event,270,316463900,2853,2853
event,271,316490600,2864,2864
event,272,316515815,2874,2874
event,273,316560415,2892,2892
event,274,316584700,2897,2897
event,275,317025100,2926,2926
event,276,317064000,2935,2935
event,277,317111815,2942,2942
event,278,317153900,2944,2944
event,279,317202615,2987,2987
event,280,317223600,2999,2999
event,281,317261515,3028,3028
event,282,317310700,3041,3041
event,283,317325815,3055,3055
event,284,318040300,3066,3066
event,285,318072200,3078,3078
event,286,318115015,3089,3089
event,287,318135100,3090,3090
event,288,318170015,3096,3096
event,289,318214300,3104,3104
event,290,318264300,3104,3104
event,291,319380800,3107,3107
event,292,319421100,3111,3111
event,293,319445915,3112,3112
event,294,319495615,3114,3114
event,295,319545300,3114,3114
event,296,319573400,3115,3115
event,297,320021200,3121,3121
event,298,320062015,3131,3131
event,299,320101100,3135,3135
event,300,320134000,3149,3149
event,301,320183315,3159,3159
event,302,320224500,3163,3163
event,303,320273315,3163,3163
event,304,320302915,3163,3163
event,305,320342300,3163,3163
event,306,320391600,3166,3166
event,307,320435700,3169,3169
event,308,320462100,3174,3174
event,309,320495115,3187,3187
event,310,320545115,3187,3187
event,311,321044015,3202,3202
event,312,321091400,3213,3213
event,313,321135615,3235,3235
event,314,321183015,3243,3243
event,315,321222900,3243,3243
event,316,321272300,3257,3257
event,317,321311300,3263,3263
event,318,321354415,3265,3265
event,319,321402315,3273,3273
event,320,321432900,3290,3290
event,321,321470000,3304,3304
event,322,321514315,3316,3316
event,323,321563700,3318,3318
event,324,322013600,3321,3321
event,325,322055315,3323,3323
event,326,322101200,3326,3326
event,327,322134715,3335,3335
event,328,322180815,3346,3346
event,329,322205315,3348,3348
event,330,322235100,3352,3352
event,331,322282315,3352,3352
event,332,322331515,3358,3358
event,333,322370300,3366,3366
event,334,322394100,3385,3385
event,335,322441115,3391,3391
event,336,322484800,3391,3391
event,337,322513400,3403,3403
event,338,410520215,3409,3409
event,339,410561215,3411,3411
event,340,411010615,3426,3426
event,341,411031900,3433,3433
event,342,411080615,3445,3445
event,343,411130600,3449,3449
event,344,411161700,3457,3457
event,345,411205900,3457,3457
event,346,411251400,3457,3457
event,347,411275600,3555,3555
event,348,411324215,3564,3564
event,349,411332815,3570,3570
event,350,411375615,3586,3586
event,351,411392600,3591,3591
event,352,411441700,3597,3597
event,353,411473100,3610,3610
event,354,411521115,3610,3610
event,355,411562215,3618,3618
event,356,412010415,3630,3630
event,357,412052715,3673,3673
event,358,412100415,3682,3682
event,359,412145615,3682,3682
event,360,412182600,3690,3690
event,361,412230600,3696,3696
event,362,412280315,3710,3710
event,363,412295100,3718,3718
event,364,412344515,3725,3725
event,365,412394215,3751,3751
event,366,412443900,3781,3781
event,367,412493400,3792,3792
event,368,412542515,3806,3806
event,369,412585715,3818,3818
event,370,413032315,3828,3828
event,371,413045215,3842,3842
event,372,413094100,3855,3855
event,373,413111915,3864,3864
event,374,413155600,3867,3867
event,375,413165000,3872,3872
event,376,413212815,3888,3888
event,377,413251515,3902,3902
event,378,413282215,3910,3910
event,379,413313200,3920,3920
event,380,413360015,3939,3939
event,381,413404315,3952,3952
event,382,415304200,3961,3961
event,383,415345800,3966,3966
event,384,415361615,3972,3972
event,385,415402300,3982,3982
event,386,415422815,3988,3988
event,387,415454800,3993,3993
event,388,415493900,3993,3993
event,389,415521600,3997,3997
event,390,415560400,4010,4010
event,391,415594600,4010,4010
event,392,416041700,4018,4018
event,393,416052515,4025,4025
event,394,416093815,4063,4063
event,395,416131400,4065,4065
event,396,416175000,4084,4084
event,397,416223900,4090,4090
event,398,416244900,4092,4092
event,399,416294515,4092,4092
event,400,416343315,4115,4115
event,401,416372400,4120,4120
event,402,416421800,4129,4129
event,403,416450215,4129,4129
event,404,416492900,4137,4137
event,405,416521915,4137,4137
event,406,416555800,4140,4140
event,407,416573415,4144,4144
event,408,417021115,4156,4156
event,409,417070115,4160,4160
event,410,417111915,4174,4174
event,411,417161015,4175,4175
event,412,417183500,4180,4180
event,413,417232600,4200,4200
event,414,417281400,4205,4205
event,415,417324115,4212,4212
event,416,417340515,4222,4222
event,417,417384700,4241,4241
event,418,417432100,4241,4241
event,419,417463415,4249,4249
event,420,417502315,4257,4257
event,421,417540715,4268,4268
event,422,417590715,4278,4278
event,423,418033015,4286,4286
event,424,418074815,4286,4286
event,425,418123715,4298,4298
event,426,418132100,4298,4298
event,427,418181900,4306,4306
event,428,418223600,4306,4306
event,429,418264600,4315,4315
event,430,418302500,4328,4328
event,431,418352215,4333,4333
event,432,418360715,4335,4335
event,433,418404515,4346,4346
event,434,418454315,4356,4356
event,435,418455400,4356,4356
event,436,418505400,4356,4356
event,437,420431315,4365,4365
event,438,420475700,4366,4366
event,439,420521200,4367,4367
event,440,420563500,4367,4367
event,441,421010515,4370,4370
event,442,421045800,4376,4376
event,443,421094415,4376,4376
event,444,421141015,4376,4376
event,445,421190915,4376,4376
event,446,421233015,4381,4381
event,447,421280800,4389,4389
event,448,421322800,4399,4399
event,449,421364600,4404,4404
event,450,421404700,4421,4421
event,451,421453500,4431,4431
event,452,421491000,4437,4437
event,453,421523600,4446,4446
event,454,421550900,4462,4462
event,455,422000400,4508,4508
event,456,422025115,4514,4514
event,457,422075115,4531,4531
event,458,422124515,4552,4552
event,459,422143115,4555,4555
event,460,422190500,4563,4563
event,461,422224900,4563,4563
event,462,422242500,4567,4567
event,463,511052815,4575,4575
event,464,511095215,4586,4586
event,465,511123900,4626,4626
event,466,511172915,4627,4627
event,467,511214315,4630,4630
event,468,511263815,4632,4632
event,469,511312515,4632,4632
event,470,511345415,4651,4651
event,471,511393715,4653,4653
event,472,511425700,4662,4662
event,473,511460615,4663,4663
event,474,511504000,4690,4690
event,475,511521800,4701,4701
event,476,511565900,4701,4701
event,477,512003315,4716,4716
event,478,512052015,4718,4718
event,479,512100300,4723,4723
event,480,512144615,4742,4742
event,481,512193000,4760,4760
event,482,512234100,4760,4760
event,483,512282515,4782,4782
event,484,512330715,4784,4784
event,485,512355800,4794,4794
event,486,512404100,4796,4796
event,487,512443015,4801,4801
event,488,512474300,4813,4813
event,489,512522000,4856,4856
event,490,512525900,4864,4864
event,491,512573300,4879,4879
event,492,513004015,4899,4899
event,493,513054015,4899,4899
event,494,515035515,4909,4909
event,495,515084515,4915,4915
event,496,515103000,4916,4916
event,497,515134800,4921,4921
event,498,515175800,4926,4926
event,499,515220800,4936,4936
event,500,515234615,4947,4947
event,501,515273215,4963,4963
event,502,515321615,4975,4975
event,503,515332215,4979,4979
event,504,515382215,4979,4979
event,505,515545115,4989,4989
event,506,515590600,4990,4990
event,507,516030100,5004,5004
event,508,516064900,5004,5004
event,509,516081600,5011,5011
event,510,516124715,5017,5017
event,511,516160515,5044,5044
event,512,516202615,5057,5057
event,513,516233715,5068,5068
event,514,516272300,5070,5070
event,515,516303215,5076,5076
event,516,516334315,5087,5087
event,517,516381300,5090,5090
event,518,516415800,5102,5102
event,519,516465800,5104,5104
event,520,516543315,5114,5114
event,521,516593315,5116,5116
event,522,518014615,5120,5120
event,523,518063200,5130,5130
event,524,518092200,5142,5142
event,525,518140115,5147,5147
event,526,518183800,5162,5162
event,527,518232315,5171,5171
event,528,518270215,5171,5171
event,529,518314400,5183,5183
event,530,518333115,5183,5183
event,531,518371815,5193,5193
event,532,518401015,5193,5193
event,533,518440200,5197,5197
event,534,518460300,5198,5198
event,535,518495800,5221,5221
event,536,518523315,5225,5225
event,537,518555815,5232,5232
event,538,519002715,5257,5257
event,539,519024200,5290,5290
event,540,519073500,5292,5292
event,541,519120000,5295,5295
event,542,519170000,5301,5301
event,543,519212600,5304,5304
event,544,519260015,5319,5319
event,545,519302915,5334,5334
event,546,519350315,5338,5338
event,547,519394715,5338,5338
event,548,519433700,5338,5338
event,549,519465300,5343,5343
event,550,519514200,5352,5352
event,551,519554900,5358,5358
event,552,520002915,5391,5391
event,553,520041815,5404,5404
event,554,520060000,5426,5426
event,555,520110000,5431,5431
event,556,520152315,5439,5439
event,557,520201515,5447,5447
event,558,520250100,5466,5466
event,559,520262415,5470,5470
event,560,520305015,5470,5470
event,561,520313000,5479,5479
event,562,520362615,5489,5489
event,563,520384400,5501,5501
event,564,520433915,5531,5531
event,565,520440000,5534,5534
event,566,520484715,5537,5537
event,567,520502300,5546,5546
event,568,520545300,5556,5556
event,569,520592500,5573,5573
event,570,521025715,5576,5576
event,571,521075715,5576,5576
event,572,522175400,5583,5583
event,573,522224400,5590,5590
event,574,522232315,5593,5593
event,575,522281415,5602,5602
event,576,522323100,5604,5604
event,577,522365700,5614,5614
event,578,522415500,5617,5617
event,579,522465000,5621,5621
event,580,522513115,5624,5624
event,581,522563100,5624,5624
event,582,522580500,5635,5635
event,583,523014315,5653,5653
event,584,523041915,5656,5656
event,585,523084000,5659,5659
event,586,523105300,5663,5663
event,587,523154515,5672,5672
event,588,523175900,5672,5672
event,589,523222015,5678,5678
event,590,523261600,5683,5683
event,591,712001600,5686,5686
event,592,712040215,5687,5687
event,593,712083700,5695,5695
event,594,712113415,5705,5705
event,595,712151200,5715,5715
event,596,712170215,5724,5724
event,597,712210300,5731,5731
event,598,712245800,5744,5744
event,599,712292700,5757,5757
event,600,712330615,5767,5767
event,601,712380515,5783,5783
event,602,712391215,5786,5786
event,603,712431715,5793,5793
event,604,712481715,5810,5810
event,605,712530215,5836,5836
event,606,712570515,5840,5840
event,607,713020415,5844,5844
event,608,713033915,5848,5848
event,609,713083400,5853,5853
event,610,713133100,5859,5859
event,611,713134115,5860,5860
event,612,713184115,5860,5860
event,613,713482300,5870,5870
event,614,713501615,5872,5872
event,615,713540400,5881,5881
event,616,713572300,5883,5883
event,617,713594015,5887,5887
event,618,714031315,5911,5911
event,619,714060700,5912,5912
event,620,714101400,5921,5921
event,621,714150015,5924,5924
event,622,714152915,5924,5924
event,623,714202300,5926,5926
event,624,714241415,5927,5927
event,625,714283700,5929,5929
event,626,714294715,5931,5931
event,627,714333915,5933,5933
event,628,714380715,5939,5939
event,629,714424000,5945,5945
event,630,714444300,5947,5947
event,631,714493115,5953,5953
event,632,714542415,5961,5961
event,633,714583915,5967,5967
event,634,715033315,5967,5967
event,635,715074715,5974,5974
event,636,715120400,5978,5978
event,637,715140315,5982,5982
event,638,715184815,5985,5985
event,639,715224515,5988,5988
event,640,715252715,6005,6005
event,641,715301815,6018,6018
event,642,715335615,6036,6036
event,643,715364400,6050,6050
event,644,715414400,6050,6050
event,645,717393915,6057,6057
event,646,717421200,6061,6061
event,647,717470300,6061,6061
event,648,717511900,6072,6072
event,649,717541100,6077,6077
event,650,717584915,6084,6084
event,651,718024815,6104,6104
event,652,718065715,6115,6115
event,653,718112215,6122,6122
event,654,718161000,6146,6146
event,655,718201400,6146,6146
event,656,718251215,6155,6155
event,657,718300000,6165,6165
event,658,718335715,6178,6178
event,659,718384900,6186,6186
event,660,718424000,6199,6199
event,661,718444700,6214,6214
event,662,718493715,6219,6219
event,663,718542100,6228,6228
event,664,718560815,6244,6244
event,665,719010000,6245,6245
event,666,719053000,6258,6258
event,667,719100815,6266,6266
event,668,719143800,6270,6270
event,669,719192000,6283,6283
event,670,719210000,6288,6288
event,671,719255700,6308,6308
event,672,719304715,6316,6316
event,673,719345015,6316,6316
event,674,719371000,6331,6331
event,675,719420500,6338,6338
event,676,719463000,6344,6344
event,677,719493000,6357,6357
event,678,719542115,6366,6366
event,679,719591600,6368,6368
event,680,720050000,6371,6371
event,681,720093200,6378,6378
event,682,720134215,6395,6395
event,683,720154900,6398,6398
worldmm_inherited,0,,0,
worldmm_inherited,1,,22,
worldmm_inherited,2,,31,
worldmm_inherited,3,,51,
worldmm_inherited,4,,51,
worldmm_inherited,5,,51,
worldmm_inherited,6,,51,
worldmm_inherited,7,,51,
worldmm_inherited,8,,51,
worldmm_inherited,9,,51,
worldmm_inherited,10,,51,
worldmm_inherited,11,,71,
worldmm_inherited,12,,61,
worldmm_inherited,13,,61,
worldmm_inherited,14,,61,
worldmm_inherited,15,,61,
worldmm_inherited,16,,61,
worldmm_inherited,17,,61,
worldmm_inherited,18,,59,
worldmm_inherited,19,,59,
worldmm_inherited,20,,59,
worldmm_inherited,21,,59,
worldmm_inherited,22,,59,
worldmm_inherited,23,,71,
worldmm_inherited,24,,71,
worldmm_inherited,25,,71,
worldmm_inherited,26,,71,
worldmm_inherited,27,,71,
worldmm_inherited,28,,71,
worldmm_inherited,29,,71,
worldmm_inherited,30,,81,
worldmm_inherited,31,,81,
worldmm_inherited,32,,81,
worldmm_inherited,33,,81,
worldmm_inherited,34,,81,
worldmm_inherited,35,,112,
worldmm_inherited,36,,116,
worldmm_inherited,37,,124,
worldmm_inherited,38,,124,
worldmm_inherited,39,,124,
worldmm_inherited,40,,124,
worldmm_inherited,41,,124,
worldmm_inherited,42,,137,
worldmm_inherited,43,,137,
worldmm_inherited,44,,167,
worldmm_inherited,45,,167,
worldmm_inherited,46,,167,
worldmm_inherited,47,,167,
worldmm_inherited,48,,167,
worldmm_inherited,49,,167,
worldmm_inherited,50,,167,
worldmm_inherited,51,,167,
worldmm_inherited,52,,167,
worldmm_inherited,53,,164,
worldmm_inherited,54,,164,
worldmm_inherited,55,,186,
worldmm_inherited,56,,187,
worldmm_inherited,57,,187,
worldmm_inherited,58,,187,
worldmm_inherited,59,,187,
worldmm_inherited,60,,199,
worldmm_inherited,61,,199,
worldmm_inherited,62,,199,
worldmm_inherited,63,,199,
worldmm_inherited,64,,199,
worldmm_inherited,65,,209,
worldmm_inherited,66,,216,
worldmm_inherited,67,,225,
worldmm_inherited,68,,223,
worldmm_inherited,69,,223,
worldmm_inherited,70,,223,
worldmm_inherited,71,,238,
worldmm_inherited,72,,242,
worldmm_inherited,73,,242,
worldmm_inherited,74,,242,
worldmm_inherited,75,,242,
worldmm_inherited,76,,242,
worldmm_inherited,77,,242,
worldmm_inherited,78,,242,
worldmm_inherited,79,,245,
worldmm_inherited,80,,245,
worldmm_inherited,81,,245,
worldmm_inherited,82,,245,
worldmm_inherited,83,,245,
worldmm_inherited,84,,265,
worldmm_inherited,85,,271,
worldmm_inherited,86,,273,
worldmm_inherited,87,,293,
worldmm_inherited,88,,293,
worldmm_inherited,89,,293,
worldmm_inherited,90,,293,
worldmm_inherited,91,,293,
worldmm_inherited,92,,298,
worldmm_inherited,93,,416,
worldmm_inherited,94,,416,
worldmm_inherited,95,,416,
worldmm_inherited,96,,416,
worldmm_inherited,97,,416,
worldmm_inherited,98,,432,
worldmm_inherited,99,,453,
worldmm_inherited,100,,438,
worldmm_inherited,101,,433,
worldmm_inherited,102,,427,
worldmm_inherited,103,,433,
worldmm_inherited,104,,433,
worldmm_inherited,105,,448,
worldmm_inherited,106,,448,
worldmm_inherited,107,,455,
worldmm_inherited,108,,455,
worldmm_inherited,109,,462,
worldmm_inherited,110,,462,
worldmm_inherited,111,,462,
worldmm_inherited,112,,589,
worldmm_inherited,113,,586,
worldmm_inherited,114,,586,
worldmm_inherited,115,,587,
worldmm_inherited,116,,587,
worldmm_inherited,117,,594,
worldmm_inherited,118,,594,
worldmm_inherited,119,,594,
worldmm_inherited,120,,618,
worldmm_inherited,121,,618,
worldmm_inherited,122,,618,
worldmm_inherited,123,,592,
worldmm_inherited,124,,592,
worldmm_inherited,125,,602,
worldmm_inherited,126,,602,
worldmm_inherited,127,,582,
worldmm_inherited,128,,567,
worldmm_inherited,129,,567,
worldmm_inherited,130,,567,
worldmm_inherited,131,,567,
worldmm_inherited,132,,553,
worldmm_inherited,133,,553,
worldmm_inherited,134,,563,
worldmm_inherited,135,,563,
worldmm_inherited,136,,563,
worldmm_inherited,137,,569,
worldmm_inherited,138,,572,
worldmm_inherited,139,,572,
worldmm_inherited,140,,586,
worldmm_inherited,141,,586,
worldmm_inherited,142,,576,
worldmm_inherited,143,,578,
worldmm_inherited,144,,584,
worldmm_inherited,145,,584,
worldmm_inherited,146,,584,
worldmm_inherited,147,,584,
worldmm_inherited,148,,584,
worldmm_inherited,149,,589,
worldmm_inherited,150,,589,
worldmm_inherited,151,,599,
worldmm_inherited,152,,599,
worldmm_inherited,153,,599,
worldmm_inherited,154,,612,
worldmm_inherited,155,,612,
worldmm_inherited,156,,612,
worldmm_inherited,157,,620,
worldmm_inherited,158,,630,
worldmm_inherited,159,,634,
worldmm_inherited,160,,638,
worldmm_inherited,161,,659,
worldmm_inherited,162,,676,
worldmm_inherited,163,,676,
worldmm_inherited,164,,676,
worldmm_inherited,165,,676,
worldmm_inherited,166,,676,
worldmm_inherited,167,,679,
worldmm_inherited,168,,679,
worldmm_inherited,169,,650,
worldmm_inherited,170,,650,
worldmm_inherited,171,,650,
worldmm_inherited,172,,650,
worldmm_inherited,173,,650,
worldmm_inherited,174,,650,
worldmm_inherited,175,,650,
worldmm_inherited,176,,650,
worldmm_inherited,177,,665,
worldmm_inherited,178,,682,
worldmm_inherited,179,,682,
worldmm_inherited,180,,682,
worldmm_inherited,181,,682,
worldmm_inherited,182,,701,
worldmm_inherited,183,,704,
worldmm_inherited,184,,704,
worldmm_inherited,185,,704,
worldmm_inherited,186,,704,
worldmm_inherited,187,,722,
worldmm_inherited,188,,722,
worldmm_inherited,189,,722,
worldmm_inherited,190,,722,
worldmm_inherited,191,,695,
worldmm_inherited,192,,695,
worldmm_inherited,193,,713,
worldmm_inherited,194,,713,
worldmm_inherited,195,,729,
worldmm_inherited,196,,749,
worldmm_inherited,197,,729,
worldmm_inherited,198,,729,
worldmm_inherited,199,,725,
worldmm_inherited,200,,725,
worldmm_inherited,201,,725,
worldmm_inherited,202,,725,
worldmm_inherited,203,,725,
worldmm_inherited,204,,855,
worldmm_inherited,205,,855,
worldmm_inherited,206,,855,
worldmm_inherited,207,,857,
worldmm_inherited,208,,857,
worldmm_inherited,209,,867,
worldmm_inherited,210,,850,
worldmm_inherited,211,,833,
worldmm_inherited,212,,823,
worldmm_inherited,213,,823,
worldmm_inherited,214,,824,
worldmm_inherited,215,,824,
worldmm_inherited,216,,824,
worldmm_inherited,217,,824,
worldmm_inherited,218,,834,
worldmm_inherited,219,,842,
worldmm_inherited,220,,845,
worldmm_inherited,221,,855,
worldmm_inherited,222,,860,
worldmm_inherited,223,,813,
worldmm_inherited,224,,813,
worldmm_inherited,225,,813,
worldmm_inherited,226,,834,
worldmm_inherited,227,,854,
worldmm_inherited,228,,854,
worldmm_inherited,229,,872,
worldmm_inherited,230,,872,
worldmm_inherited,231,,878,
worldmm_inherited,232,,878,
worldmm_inherited,233,,898,
worldmm_inherited,234,,901,
worldmm_inherited,235,,901,
worldmm_inherited,236,,901,
worldmm_inherited,237,,901,
worldmm_inherited,238,,901,
worldmm_inherited,239,,901,
worldmm_inherited,240,,901,
worldmm_inherited,241,,901,
worldmm_inherited,242,,901,
worldmm_inherited,243,,901,
worldmm_inherited,244,,901,
worldmm_inherited,245,,906,
worldmm_inherited,246,,906,
worldmm_inherited,247,,906,
worldmm_inherited,248,,915,
worldmm_inherited,249,,907,
worldmm_inherited,250,,911,
worldmm_inherited,251,,911,
worldmm_inherited,252,,927,
worldmm_inherited,253,,927,
worldmm_inherited,254,,927,
worldmm_inherited,255,,946,
worldmm_inherited,256,,946,
worldmm_inherited,257,,914,
worldmm_inherited,258,,909,
worldmm_inherited,259,,926,
worldmm_inherited,260,,929,
worldmm_inherited,261,,934,
worldmm_inherited,262,,922,
worldmm_inherited,263,,921,
worldmm_inherited,264,,921,
worldmm_inherited,265,,921,
worldmm_inherited,266,,937,
worldmm_inherited,267,,948,
worldmm_inherited,268,,948,
worldmm_inherited,269,,948,
worldmm_inherited,270,,948,
worldmm_inherited,271,,948,
worldmm_inherited,272,,954,
worldmm_inherited,273,,954,
worldmm_inherited,274,,973,
worldmm_inherited,275,,973,
worldmm_inherited,276,,966,
worldmm_inherited,277,,966,
worldmm_inherited,278,,978,
worldmm_inherited,279,,978,
worldmm_inherited,280,,978,
worldmm_inherited,281,,972,
worldmm_inherited,282,,951,
worldmm_inherited,283,,936,
worldmm_inherited,284,,936,
worldmm_inherited,285,,936,
worldmm_inherited,286,,924,
worldmm_inherited,287,,924,
worldmm_inherited,288,,924,
worldmm_inherited,289,,924,
worldmm_inherited,290,,924,
worldmm_inherited,291,,924,
worldmm_inherited,292,,924,
worldmm_inherited,293,,935,
worldmm_inherited,294,,935,
worldmm_inherited,295,,923,
worldmm_inherited,296,,943,
worldmm_inherited,297,,957,
worldmm_inherited,298,,957,
worldmm_inherited,299,,957,
worldmm_inherited,300,,961,
worldmm_inherited,301,,977,
worldmm_inherited,302,,977,
worldmm_inherited,303,,1007,
worldmm_inherited,304,,1022,
worldmm_inherited,305,,1022,
worldmm_inherited,306,,1022,
worldmm_inherited,307,,1022,
worldmm_inherited,308,,1047,
worldmm_inherited,309,,1047,
worldmm_inherited,310,,1047,
worldmm_inherited,311,,1047,
worldmm_inherited,312,,1047,
worldmm_inherited,313,,1047,
worldmm_inherited,314,,1050,
worldmm_inherited,315,,1060,
worldmm_inherited,316,,1056,
worldmm_inherited,317,,1063,
worldmm_inherited,318,,1054,
worldmm_inherited,319,,1051,
worldmm_inherited,320,,1051,
worldmm_inherited,321,,1047,
worldmm_inherited,322,,1025,
worldmm_inherited,323,,1040,
worldmm_inherited,324,,1044,
worldmm_inherited,325,,1044,
worldmm_inherited,326,,1060,
worldmm_inherited,327,,1060,
worldmm_inherited,328,,1050,
worldmm_inherited,329,,1042,
worldmm_inherited,330,,1042,
worldmm_inherited,331,,1049,
worldmm_inherited,332,,1049,
worldmm_inherited,333,,1049,
worldmm_inherited,334,,1065,
worldmm_inherited,335,,1068,
worldmm_inherited,336,,1068,
worldmm_inherited,337,,1068,
worldmm_inherited,338,,1068,
worldmm_inherited,339,,1068,
worldmm_inherited,340,,1083,
worldmm_inherited,341,,1092,
worldmm_inherited,342,,1085,
worldmm_inherited,343,,1085,
worldmm_inherited,344,,1085,
worldmm_inherited,345,,1085,
worldmm_inherited,346,,1114,
worldmm_inherited,347,,1114,
worldmm_inherited,348,,1114,
worldmm_inherited,349,,1114,
worldmm_inherited,350,,1114,
worldmm_inherited,351,,1114,
worldmm_inherited,352,,1123,
worldmm_inherited,353,,1123,
worldmm_inherited,354,,1128,
worldmm_inherited,355,,1138,
worldmm_inherited,356,,1131,
worldmm_inherited,357,,1147,
worldmm_inherited,358,,1147,
worldmm_inherited,359,,1154,
worldmm_inherited,360,,1160,
worldmm_inherited,361,,1171,
worldmm_inherited,362,,1171,
worldmm_inherited,363,,1173,
worldmm_inherited,364,,1173,
worldmm_inherited,365,,1173,
worldmm_inherited,366,,1179,
worldmm_inherited,367,,1194,
worldmm_inherited,368,,1194,
worldmm_inherited,369,,1194,
worldmm_inherited,370,,1194,
worldmm_inherited,371,,1184,
worldmm_inherited,372,,1184,
worldmm_inherited,373,,1184,
worldmm_inherited,374,,1184,
worldmm_inherited,375,,1173,
worldmm_inherited,376,,1173,
worldmm_inherited,377,,1173,
worldmm_inherited,378,,1173,
worldmm_inherited,379,,1196,
worldmm_inherited,380,,1211,
worldmm_inherited,381,,1226,
worldmm_inherited,382,,1259,
worldmm_inherited,383,,1266,
worldmm_inherited,384,,1266,
worldmm_inherited,385,,1266,
worldmm_inherited,386,,1266,
worldmm_inherited,387,,1266,
worldmm_inherited,388,,1266,
worldmm_inherited,389,,1266,
worldmm_inherited,390,,1266,
worldmm_inherited,391,,1266,
worldmm_inherited,392,,1283,
worldmm_inherited,393,,1294,
worldmm_inherited,394,,1294,
worldmm_inherited,395,,1294,
worldmm_inherited,396,,1308,
worldmm_inherited,397,,1308,
worldmm_inherited,398,,1308,
worldmm_inherited,399,,1308,
worldmm_inherited,400,,1308,
worldmm_inherited,401,,1308,
worldmm_inherited,402,,1286,
worldmm_inherited,403,,1286,
worldmm_inherited,404,,1286,
worldmm_inherited,405,,1286,
worldmm_inherited,406,,1286,
worldmm_inherited,407,,1286,
worldmm_inherited,408,,1300,
worldmm_inherited,409,,1315,
worldmm_inherited,410,,1326,
worldmm_inherited,411,,1326,
worldmm_inherited,412,,1320,
worldmm_inherited,413,,1337,
worldmm_inherited,414,,1356,
worldmm_inherited,415,,1356,
worldmm_inherited,416,,1368,
worldmm_inherited,417,,1346,
worldmm_inherited,418,,1348,
worldmm_inherited,419,,1348,
worldmm_inherited,420,,1348,
worldmm_inherited,421,,1348,
worldmm_inherited,422,,1348,
worldmm_inherited,423,,1358,
worldmm_inherited,424,,1378,
worldmm_inherited,425,,1378,
worldmm_inherited,426,,1378,
worldmm_inherited,427,,1378,
worldmm_inherited,428,,1378,
worldmm_inherited,429,,1378,
worldmm_inherited,430,,1375,
worldmm_inherited,431,,1375,
worldmm_inherited,432,,1386,
worldmm_inherited,433,,1379,
worldmm_inherited,434,,1364,
worldmm_inherited,435,,1384,
worldmm_inherited,436,,1394,
worldmm_inherited,437,,1394,
worldmm_inherited,438,,1401,
worldmm_inherited,439,,1401,
worldmm_inherited,440,,1401,
worldmm_inherited,441,,1385,
worldmm_inherited,442,,1385,
worldmm_inherited,443,,1371,
worldmm_inherited,444,,1359,
worldmm_inherited,445,,1359,
worldmm_inherited,446,,1359,
worldmm_inherited,447,,1369,
worldmm_inherited,448,,1369,
worldmm_inherited,449,,1369,
worldmm_inherited,450,,1369,
worldmm_inherited,451,,1369,
worldmm_inherited,452,,1372,
worldmm_inherited,453,,1357,
worldmm_inherited,454,,1409,
worldmm_inherited,455,,1409,
worldmm_inherited,456,,1409,
worldmm_inherited,457,,1409,
worldmm_inherited,458,,1409,
worldmm_inherited,459,,1409,
worldmm_inherited,460,,1409,
worldmm_inherited,461,,1409,
worldmm_inherited,462,,1409,
worldmm_inherited,463,,1409,
worldmm_inherited,464,,1409,
worldmm_inherited,465,,1424,
worldmm_inherited,466,,1424,
worldmm_inherited,467,,1424,
worldmm_inherited,468,,1424,
worldmm_inherited,469,,1424,
worldmm_inherited,470,,1416,
worldmm_inherited,471,,1416,
worldmm_inherited,472,,1416,
worldmm_inherited,473,,1416,
worldmm_inherited,474,,1426,
worldmm_inherited,475,,1426,
worldmm_inherited,476,,1426,
worldmm_inherited,477,,1422,
worldmm_inherited,478,,1422,
worldmm_inherited,479,,1422,
worldmm_inherited,480,,1422,
worldmm_inherited,481,,1422,
worldmm_inherited,482,,1423,
worldmm_inherited,483,,1390,
worldmm_inherited,484,,1401,
worldmm_inherited,485,,1418,
worldmm_inherited,486,,1418,
worldmm_inherited,487,,1418,
worldmm_inherited,488,,1418,
worldmm_inherited,489,,1418,
worldmm_inherited,490,,1418,
worldmm_inherited,491,,1418,
worldmm_inherited,492,,1418,
worldmm_inherited,493,,1408,
worldmm_inherited,494,,1428,
worldmm_inherited,495,,1428,
worldmm_inherited,496,,1428,
worldmm_inherited,497,,1438,
worldmm_inherited,498,,1419,
worldmm_inherited,499,,1419,
worldmm_inherited,500,,1419,
worldmm_inherited,501,,1419,
worldmm_inherited,502,,1419,
worldmm_inherited,503,,1419,
worldmm_inherited,504,,1419,
worldmm_inherited,505,,1419,
worldmm_inherited,506,,1419,
worldmm_inherited,507,,1419,
worldmm_inherited,508,,1419,
worldmm_inherited,509,,1419,
worldmm_inherited,510,,1490,
worldmm_inherited,511,,1490,
worldmm_inherited,512,,1490,
worldmm_inherited,513,,1490,
worldmm_inherited,514,,1490,
worldmm_inherited,515,,1490,
worldmm_inherited,516,,1490,
worldmm_inherited,517,,1490,
worldmm_inherited,518,,1490,
worldmm_inherited,519,,1490,
worldmm_inherited,520,,1490,
worldmm_inherited,521,,1490,
worldmm_inherited,522,,1490,
worldmm_inherited,523,,1490,
worldmm_inherited,524,,1490,
worldmm_inherited,525,,1490,
worldmm_inherited,526,,1490,
worldmm_inherited,527,,1490,
worldmm_inherited,528,,1490,
worldmm_inherited,529,,1490,
worldmm_inherited,530,,1490,
worldmm_inherited,531,,1605,
worldmm_inherited,532,,1605,
worldmm_inherited,533,,1605,
worldmm_inherited,534,,1605,
worldmm_inherited,535,,1605,
worldmm_inherited,536,,1605,
worldmm_inherited,537,,1605,
worldmm_inherited,538,,1605,
worldmm_inherited,539,,1605,
worldmm_inherited,540,,1605,
worldmm_inherited,541,,1605,
worldmm_inherited,542,,1605,
worldmm_inherited,543,,1605,
worldmm_inherited,544,,1611,
worldmm_inherited,545,,1611,
worldmm_inherited,546,,1611,
worldmm_inherited,547,,1611,
worldmm_inherited,548,,1611,
worldmm_inherited,549,,1620,
worldmm_inherited,550,,1620,
worldmm_inherited,551,,1640,
worldmm_inherited,552,,1631,
worldmm_inherited,553,,1631,
worldmm_inherited,554,,1631,
worldmm_inherited,555,,1631,
worldmm_inherited,556,,1631,
worldmm_inherited,557,,1631,
worldmm_inherited,558,,1631,
worldmm_inherited,559,,1640,
worldmm_inherited,560,,1640,
worldmm_inherited,561,,1644,
worldmm_inherited,562,,1644,
worldmm_inherited,563,,1644,
worldmm_inherited,564,,1644,
worldmm_inherited,565,,1644,
worldmm_inherited,566,,1644,
worldmm_inherited,567,,1644,
worldmm_inherited,568,,1636,
worldmm_inherited,569,,1633,
worldmm_inherited,570,,1602,
worldmm_inherited,571,,1602,
worldmm_inherited,572,,1589,
worldmm_inherited,573,,1601,
worldmm_inherited,574,,1604,
worldmm_inherited,575,,1587,
worldmm_inherited,576,,1597,
worldmm_inherited,577,,1595,
worldmm_inherited,578,,1577,
worldmm_inherited,579,,1587,
worldmm_inherited,580,,1568,
worldmm_inherited,581,,1573,
worldmm_inherited,582,,1579,
worldmm_inherited,583,,1579,
worldmm_inherited,584,,1579,
worldmm_inherited,585,,1579,
worldmm_inherited,586,,1565,
worldmm_inherited,587,,1550,
worldmm_inherited,588,,1550,
worldmm_inherited,589,,1550,
worldmm_inherited,590,,1550,
worldmm_inherited,591,,1550,
worldmm_inherited,592,,1564,
worldmm_inherited,593,,1564,
worldmm_inherited,594,,1574,
worldmm_inherited,595,,1574,
worldmm_inherited,596,,1572,
worldmm_inherited,597,,1572,
worldmm_inherited,598,,1572,
worldmm_inherited,599,,1572,
worldmm_inherited,600,,1560,
worldmm_inherited,601,,1551,
worldmm_inherited,602,,1556,
worldmm_inherited,603,,1570,
worldmm_inherited,604,,1570,
worldmm_inherited,605,,1570,
worldmm_inherited,606,,1570,
worldmm_inherited,607,,1570,
worldmm_inherited,608,,1570,
worldmm_inherited,609,,1570,
worldmm_inherited,610,,1570,
worldmm_inherited,611,,1570,
worldmm_inherited,612,,1567,
worldmm_inherited,613,,1567,
worldmm_inherited,614,,1575,
worldmm_inherited,615,,1575,
worldmm_inherited,616,,1573,
worldmm_inherited,617,,1573,
worldmm_inherited,618,,1573,
worldmm_inherited,619,,1579,
worldmm_inherited,620,,1582,
worldmm_inherited,621,,1579,
worldmm_inherited,622,,1582,
