condition,duration_seconds
fixed,15
fixed,30
fixed,29
fixed,26
fixed,28
fixed,30
fixed,29
fixed,30
fixed,30
fixed,30
fixed,30
fixed,29
fixed,30
fixed,30
fixed,29
fixed,30
fixed,30
fixed,29
fixed,30
fixed,30
fixed,29
fixed,30
fixed,29
fixed,30
fixed,30
fixed,28
fixed,30
fixed,30
fixed,30
fixed,30
fixed,30
fixed,29
fixed,30
fixed,30
fixed,30
fixed,28
fixed,30
fixed,30
fixed,29
fixed,30
fixed,29
fixed,29
fixed,29
fixed,30
fixed,29
fixed,29
fixed,30
fixed,29
fixed,30
fixed,29
fixed,29
fixed,29
fixed,30
fixed,29
fixed,30
fixed,30
fixed,29
fixed,28
fixed,29
fixed,30
fixed,30
fixed,30
fixed,28
fixed,29
fixed,30
fixed,29
fixed,29
fixed,29
fixed,29
fixed,29
fixed,30
fixed,29
fixed,30
fixed,30
fixed,29
fixed,29
fixed,30
fixed,30
fixed,30
fixed,29
fixed,30
fixed,30
fixed,28
fixed,29
fixed,29
fixed,28
fixed,28
fixed,28
fixed,28
fixed,30
fixed,30
fixed,28
fixed,28
fixed,30
fixed,30
fixed,30
fixed,29
fixed,29
fixed,29
fixed,30
fixed,30
fixed,29
fixed,28
fixed,30
fixed,30
fixed,29
fixed,28
fixed,28
fixed,29
fixed,29
fixed,30
fixed,28
fixed,28
fixed,30
fixed,29
fixed,27
fixed,29
fixed,30
fixed,30
fixed,29
fixed,30
fixed,29
fixed,30
fixed,30
fixed,30
fixed,28
fixed,30
fixed,30
fixed,28
fixed,30
fixed,29
fixed,30
fixed,29
fixed,27
fixed,30
fixed,29
fixed,29
fixed,28
fixed,29
fixed,30
fixed,30
fixed,30
fixed,29
fixed,30
fixed,29
fixed,29
fixed,29
fixed,30
fixed,30
fixed,30
fixed,28
fixed,30
fixed,30
fixed,30
fixed,28
fixed,28
fixed,30
fixed,29
fixed,26
fixed,28
fixed,30
fixed,29
fixed,30
fixed,30
fixed,30
fixed,29
fixed,30
fixed,28
fixed,30
fixed,28
fixed,30
fixed,27
fixed,29
fixed,26
fixed,27
fixed,29
fixed,30
fixed,30
fixed,29
fixed,30
fixed,29
fixed,29
fixed,30
fixed,30
fixed,29
fixed,29
fixed,28
fixed,30
fixed,30
fixed,29
fixed,28
fixed,28
fixed,28
fixed,29
fixed,30
fixed,30
fixed,27
fixed,28
fixed,29
fixed,29
fixed,29
fixed,28
fixed,29
fixed,28
fixed,29
fixed,29
fixed,28
fixed,28
fixed,28
fixed,30
fixed,30
fixed,29
fixed,29
fixed,29
fixed,30
fixed,27
fixed,28
fixed,29
fixed,30
fixed,29
fixed,29
fixed,29
fixed,30
fixed,30
fixed,29
fixed,30
fixed,28
fixed,29
fixed,28
fixed,28
fixed,29
fixed,28
fixed,28
fixed,26
fixed,29
fixed,29
fixed,30
fixed,30
fixed,29
fixed,30
fixed,29
fixed,28
fixed,30
fixed,29
fixed,30
fixed,30
fixed,29
fixed,29
fixed,29
fixed,30
fixed,29
fixed,30
fixed,30
fixed,30
fixed,28
fixed,28
fixed,30
fixed,29
fixed,28
fixed,30
fixed,30
fixed,30
fixed,29
fixed,29
fixed,30
fixed,29
fixed,29
fixed,29
fixed,30
fixed,29
fixed,28
fixed,30
fixed,30
fixed,29
fixed,30
fixed,28
fixed,30
fixed,30
fixed,29
fixed,30
fixed,30
fixed,30
fixed,30
fixed,30
fixed,30
fixed,28
fixed,27
fixed,29
fixed,29
fixed,29
fixed,30
fixed,30
fixed,30
fixed,30
fixed,30
fixed,28
fixed,30
fixed,26
fixed,29
fixed,30
fixed,29
fixed,30
fixed,30
fixed,29
fixed,29
fixed,27
fixed,26
fixed,30
fixed,28
fixed,30
fixed,29
fixed,30
fixed,30
fixed,29
fixed,29
fixed,28
fixed,28
fixed,30
fixed,29
fixed,30
fixed,30
fixed,29
fixed,30
fixed,29
fixed,29
fixed,29
fixed,29
fixed,30
fixed,30
fixed,30
fixed,29
fixed,27
fixed,26
fixed,29
fixed,27
fixed,28
fixed,28
fixed,29
fixed,28
fixed,28
fixed,29
fixed,29
fixed,30
fixed,30
fixed,29
fixed,29
fixed,27
fixed,29
fixed,29
fixed,30
fixed,27
fixed,29
fixed,30
fixed,29
fixed,29
fixed,30
fixed,30
fixed,29
fixed,30
fixed,29
fixed,28
fixed,26
fixed,29
fixed,30
fixed,28
fixed,30
fixed,29
fixed,28
fixed,26
fixed,28
fixed,29
fixed,30
fixed,30
fixed,30
fixed,29
fixed,30
fixed,30
fixed,27
fixed,13
fixed,29
fixed,27
fixed,1
fixed,26
fixed,24
fixed,28
fixed,27
fixed,27
fixed,27
fixed,26
fixed,28
fixed,25
fixed,24
fixed,30
fixed,29
fixed,29
fixed,29
fixed,28
fixed,28
fixed,29
fixed,29
fixed,29
fixed,29
fixed,28
fixed,29
fixed,28
fixed,30
fixed,29
fixed,30
fixed,30
fixed,27
fixed,28
fixed,27
fixed,27
fixed,27
fixed,29
fixed,30
fixed,28
fixed,28
fixed,26
fixed,29
fixed,18
fixed,30
fixed,29
fixed,27
fixed,30
fixed,28
fixed,20
fixed,28
fixed,24
fixed,28
fixed,24
fixed,29
fixed,25
fixed,28
fixed,29
fixed,28
fixed,27
fixed,28
fixed,29
fixed,8
fixed,28
fixed,29
fixed,21
fixed,27
fixed,21
fixed,30
fixed,28
fixed,28
fixed,22
fixed,26
fixed,27
fixed,26
fixed,29
fixed,29
fixed,29
fixed,28
fixed,27
fixed,29
fixed,26
fixed,29
fixed,30
fixed,27
fixed,29
fixed,28
fixed,29
fixed,30
fixed,29
fixed,27
fixed,18
fixed,23
fixed,21
fixed,4
fixed,12
fixed,13
fixed,30
fixed,30
fixed,28
fixed,29
fixed,24
fixed,29
fixed,29
fixed,28
fixed,25
fixed,28
fixed,30
fixed,29
fixed,30
fixed,23
fixed,28
fixed,17
fixed,25
fixed,28
fixed,30
fixed,30
fixed,28
fixed,29
fixed,18
fixed,27
fixed,27
fixed,27
fixed,28
fixed,26
fixed,29
fixed,30
fixed,29
fixed,23
fixed,25
fixed,24
fixed,30
fixed,24
fixed,29
fixed,27
fixed,29
fixed,29
fixed,29
fixed,28
fixed,30
fixed,30
fixed,30
fixed,26
fixed,29
fixed,16
fixed,29
fixed,27
fixed,25
fixed,22
fixed,28
fixed,29
fixed,29
fixed,23
fixed,24
fixed,21
fixed,28
fixed,30
fixed,23
fixed,25
fixed,29
fixed,29
fixed,29
fixed,30
fixed,28
fixed,29
fixed,30
fixed,29
fixed,29
fixed,28
fixed,29
fixed,29
fixed,29
fixed,27
fixed,27
fixed,28
fixed,29
fixed,30
fixed,28
fixed,30
fixed,29
fixed,19
fixed,24
fixed,27
fixed,22
fixed,1
fixed,19
fixed,29
fixed,28
fixed,29
fixed,30
fixed,27
fixed,29
fixed,29
fixed,30
fixed,30
fixed,30
fixed,29
fixed,30
fixed,30
fixed,26
fixed,29
fixed,30
fixed,29
fixed,29
fixed,29
fixed,30
fixed,30
fixed,28
fixed,26
fixed,29
fixed,30
fixed,30
fixed,30
fixed,29
fixed,29
fixed,30
fixed,29
fixed,28
fixed,28
fixed,30
fixed,29
fixed,28
fixed,30
fixed,30
fixed,27
fixed,28
fixed,24
fixed,27
fixed,24
fixed,24
fixed,27
fixed,28
fixed,28
fixed,30
fixed,29
fixed,30
fixed,29
fixed,30
fixed,30
fixed,29
fixed,30
fixed,29
fixed,30
fixed,29
fixed,28
fixed,24
fixed,27
fixed,29
fixed,30
fixed,27
fixed,25
fixed,28
fixed,28
fixed,30
fixed,29
fixed,27
fixed,30
fixed,30
fixed,27
fixed,27
fixed,13
fixed,27
fixed,28
fixed,26
fixed,30
fixed,30
fixed,29
fixed,28
fixed,24
fixed,26
fixed,24
fixed,26
fixed,29
fixed,26
fixed,27
fixed,24
fixed,22
fixed,17
fixed,17
fixed,6
fixed,22
fixed,3
fixed,23
fixed,1
fixed,9
fixed,3
fixed,27
fixed,18
fixed,17
fixed,19
fixed,25
fixed,14
fixed,15
fixed,19
fixed,24
fixed,15
fixed,10
fixed,16
fixed,20
fixed,15
fixed,3
fixed,27
fixed,7
fixed,4
fixed,14
fixed,26
fixed,11
fixed,3
fixed,22
fixed,20
fixed,2
fixed,25
fixed,16
fixed,29
fixed,29
fixed,29
fixed,28
fixed,30
fixed,29
fixed,30
fixed,30
fixed,30
fixed,29
fixed,30
fixed,28
fixed,29
fixed,30
fixed,29
fixed,30
fixed,27
fixed,27
fixed,30
fixed,29
fixed,29
fixed,29
fixed,29
fixed,23
fixed,29
fixed,19
fixed,24
fixed,28
fixed,25
fixed,27
fixed,25
fixed,26
fixed,19
fixed,13
fixed,3
fixed,4
fixed,29
fixed,29
fixed,29
fixed,29
fixed,30
fixed,28
fixed,30
fixed,29
fixed,25
fixed,28
fixed,29
fixed,27
fixed,29
fixed,30
fixed,29
fixed,28
fixed,29
fixed,25
fixed,28
fixed,30
fixed,15
fixed,1
fixed,30
fixed,30
fixed,30
fixed,29
fixed,30
fixed,30
fixed,29
fixed,30
fixed,30
fixed,30
fixed,29
fixed,30
fixed,29
fixed,29
fixed,29
fixed,28
fixed,29
fixed,30
fixed,30
fixed,30
fixed,30
fixed,30
fixed,29
fixed,30
fixed,30
fixed,30
fixed,30
fixed,28
fixed,30
fixed,28
fixed,29
fixed,29
fixed,30
fixed,30
fixed,28
fixed,29
fixed,29
fixed,30
fixed,30
fixed,30
fixed,30
fixed,30
fixed,29
fixed,26
fixed,27
fixed,30
fixed,29
fixed,30
fixed,30
fixed,30
fixed,29
fixed,29
fixed,30
fixed,30
fixed,30
fixed,30
fixed,29
fixed,29
fixed,30
fixed,19
fixed,5
fixed,27
fixed,28
fixed,29
fixed,24
fixed,26
fixed,26
fixed,28
fixed,29
fixed,30
fixed,30
fixed,26
fixed,28
fixed,30
fixed,29
fixed,28
fixed,27
fixed,30
fixed,29
fixed,30
fixed,30
fixed,30
fixed,30
fixed,30
fixed,27
fixed,27
fixed,28
fixed,30
fixed,23
fixed,29
fixed,27
fixed,28
fixed,30
fixed,27
fixed,16
fixed,21
fixed,26
fixed,16
fixed,28
fixed,29
fixed,27
fixed,28
fixed,26
fixed,25
fixed,25
fixed,26
fixed,13
fixed,17
fixed,10
fixed,23
fixed,27
fixed,22
fixed,24
fixed,26
fixed,25
fixed,29
fixed,29
fixed,25
fixed,22
fixed,30
fixed,28
fixed,27
fixed,30
fixed,29
fixed,30
fixed,29
fixed,30
fixed,30
fixed,29
fixed,28
fixed,29
fixed,30
fixed,30
fixed,30
fixed,29
fixed,28
fixed,29
fixed,30
fixed,30
fixed,30
fixed,28
fixed,27
fixed,29
fixed,29
fixed,29
fixed,29
fixed,30
fixed,30
fixed,30
fixed,27
fixed,28
fixed,28
fixed,29
fixed,29
fixed,30
fixed,30
fixed,30
fixed,30
fixed,27
fixed,29
fixed,27
fixed,28
fixed,29
fixed,29
fixed,30
fixed,30
fixed,30
fixed,28
fixed,29
fixed,29
fixed,28
fixed,29
fixed,30
fixed,30
fixed,27
fixed,27
fixed,30
fixed,29
fixed,28
fixed,30
fixed,30
fixed,30
fixed,27
fixed,28
fixed,30
fixed,28
fixed,28
fixed,29
fixed,28
fixed,28
fixed,26
fixed,28
fixed,28
fixed,29
fixed,27
fixed,28
fixed,28
fixed,30
fixed,29
fixed,30
fixed,28
fixed,28
fixed,26
fixed,26
fixed,30
fixed,30
fixed,29
fixed,27
fixed,30
fixed,26
fixed,28
fixed,30
fixed,26
fixed,28
fixed,30
fixed,29
fixed,30
fixed,30
fixed,25
fixed,29
fixed,29
fixed,29
fixed,26
fixed,27
fixed,30
fixed,26
fixed,29
fixed,30
fixed,27
fixed,2
fixed,5
fixed,29
fixed,30
fixed,29
fixed,29
fixed,30
fixed,29
fixed,29
fixed,27
fixed,28
fixed,28
fixed,27
fixed,29
fixed,30
fixed,27
fixed,30
fixed,29
fixed,28
fixed,28
fixed,29
fixed,26
fixed,30
fixed,29
fixed,28
fixed,28
fixed,28
fixed,30
fixed,28
fixed,25
fixed,26
fixed,23
fixed,24
fixed,29
fixed,26
fixed,28
fixed,30
fixed,30
fixed,28
fixed,29
fixed,30
fixed,29
fixed,30
fixed,30
fixed,29
fixed,30
fixed,30
fixed,28
fixed,30
fixed,29
fixed,30
fixed,29
fixed,27
fixed,24
fixed,28
fixed,29
fixed,29
fixed,28
fixed,28
fixed,28
fixed,30
fixed,29
fixed,29
fixed,28
fixed,29
fixed,29
fixed,29
fixed,29
fixed,29
fixed,26
fixed,30
fixed,29
fixed,27
fixed,29
fixed,29
fixed,29
fixed,28
fixed,30
fixed,30
fixed,30
fixed,30
fixed,24
fixed,26
fixed,28
fixed,29
fixed,29
fixed,30
fixed,28
fixed,30
fixed,29
fixed,27
fixed,26
fixed,29
fixed,26
fixed,26
fixed,30
fixed,27
fixed,26
fixed,29
fixed,26
fixed,27
fixed,23
fixed,27
fixed,26
fixed,28
fixed,30
fixed,28
fixed,30
fixed,30
fixed,30
fixed,30
fixed,30
fixed,29
fixed,29
fixed,24
fixed,24
fixed,30
fixed,28
fixed,29
fixed,28
fixed,30
fixed,30
fixed,29
fixed,30
fixed,30
fixed,29
fixed,28
fixed,28
fixed,29
fixed,30
fixed,28
fixed,28
fixed,30
fixed,28
fixed,26
fixed,28
fixed,29
fixed,29
fixed,23
fixed,28
fixed,28
fixed,24
fixed,29
fixed,30
fixed,29
fixed,29
fixed,28
fixed,27
fixed,30
fixed,26
fixed,28
fixed,25
fixed,26
fixed,21
fixed,30
fixed,29
fixed,29
fixed,28
fixed,29
fixed,28
fixed,28
fixed,29
fixed,29
fixed,30
fixed,28
fixed,29
fixed,29
fixed,29
fixed,30
fixed,28
fixed,27
fixed,26
fixed,29
fixed,30
fixed,27
fixed,28
fixed,27
fixed,28
fixed,29
fixed,28
fixed,23
fixed,30
fixed,30
fixed,29
fixed,30
fixed,29
fixed,30
fixed,27
fixed,30
fixed,29
fixed,27
fixed,30
fixed,29
fixed,28
fixed,28
fixed,27
fixed,29
fixed,30
fixed,29
fixed,30
fixed,28
fixed,29
fixed,29
fixed,30
fixed,30
fixed,29
fixed,27
fixed,29
fixed,28
fixed,30
fixed,29
fixed,30
fixed,26
fixed,25
fixed,28
fixed,28
fixed,28
fixed,29
fixed,30
fixed,27
fixed,30
fixed,30
fixed,27
fixed,28
fixed,28
fixed,30
fixed,30
fixed,29
fixed,29
fixed,27
fixed,29
fixed,30
fixed,30
fixed,29
fixed,30
fixed,30
fixed,30
fixed,30
fixed,28
fixed,28
fixed,29
fixed,29
fixed,30
fixed,29
fixed,30
fixed,29
fixed,30
fixed,27
fixed,26
fixed,30
fixed,28
fixed,30
fixed,27
fixed,27
fixed,30
fixed,29
fixed,29
fixed,28
fixed,30
fixed,28
fixed,28
fixed,26
fixed,26
fixed,30
fixed,27
fixed,28
fixed,29
fixed,30
fixed,30
fixed,30
fixed,30
fixed,30
fixed,30
fixed,30
fixed,30
fixed,29
fixed,30
fixed,28
fixed,29
fixed,27
fixed,30
fixed,28
fixed,30
fixed,30
fixed,30
fixed,29
fixed,30
fixed,29
fixed,29
fixed,29
fixed,29
fixed,26
fixed,27
fixed,27
fixed,30
fixed,30
fixed,30
fixed,30
fixed,30
fixed,29
fixed,30
fixed,30
fixed,27
fixed,27
fixed,29
fixed,28
fixed,27
fixed,28
fixed,30
fixed,30
fixed,27
fixed,28
fixed,29
fixed,28
fixed,26
fixed,27
fixed,30
fixed,30
fixed,30
fixed,28
fixed,27
fixed,25
fixed,27
fixed,29
fixed,29
fixed,30
fixed,29
fixed,29
fixed,30
fixed,30
fixed,30
fixed,30
fixed,30
fixed,28
fixed,30
fixed,29
fixed,28
fixed,28
fixed,28
fixed,30
fixed,29
fixed,30
fixed,29
fixed,30
fixed,28
fixed,30
fixed,30
fixed,30
fixed,30
fixed,29
fixed,30
fixed,30
fixed,30
fixed,30
fixed,30
fixed,28
fixed,29
fixed,30
fixed,28
fixed,29
fixed,28
fixed,30
fixed,28
fixed,29
fixed,30
fixed,30
fixed,29
fixed,28
fixed,30
fixed,30
fixed,28
fixed,27
fixed,27
fixed,28
fixed,27
fixed,25
fixed,29
fixed,29
fixed,28
fixed,26
fixed,26
fixed,28
fixed,30
fixed,30
fixed,30
fixed,28
fixed,30
fixed,29
fixed,30
fixed,29
fixed,30
fixed,29
fixed,29
fixed,30
fixed,29
fixed,30
fixed,30
fixed,28
fixed,30
fixed,29
fixed,30
fixed,29
fixed,28
fixed,28
fixed,29
fixed,30
fixed,30
fixed,30
fixed,26
fixed,27
fixed,27
fixed,30
fixed,30
fixed,30
fixed,26
fixed,30
fixed,30
fixed,29
fixed,29
fixed,29
fixed,30
fixed,29
fixed,29
fixed,28
fixed,28
fixed,26
fixed,26
fixed,29
fixed,30
fixed,28
fixed,30
fixed,30
fixed,28
fixed,30
fixed,29
fixed,27
fixed,29
fixed,29
fixed,27
fixed,30
fixed,27
fixed,28
fixed,29
fixed,28
fixed,30
fixed,29
fixed,28
fixed,26
fixed,29
fixed,30
fixed,30
fixed,29
fixed,28
fixed,27
fixed,29
fixed,30
fixed,29
fixed,28
fixed,28
fixed,28
fixed,29
fixed,26
fixed,29
fixed,28
fixed,27
fixed,28
fixed,29
fixed,29
fixed,28
fixed,30
fixed,29
fixed,28
fixed,30
fixed,29
fixed,29
fixed,30
fixed,29
fixed,30
fixed,30
fixed,30
fixed,29
fixed,28
fixed,29
fixed,29
fixed,29
fixed,28
fixed,28
fixed,13
fixed,19
fixed,28
fixed,30
fixed,29
fixed,28
fixed,29
fixed,30
fixed,29
fixed,29
fixed,25
fixed,27
fixed,27
fixed,29
fixed,29
fixed,28
fixed,29
fixed,29
fixed,27
fixed,28
fixed,29
fixed,28
fixed,28
fixed,29
fixed,29
fixed,26
fixed,30
fixed,28
fixed,30
fixed,29
fixed,27
fixed,28
fixed,30
fixed,28
fixed,29
fixed,29
fixed,29
fixed,30
fixed,29
fixed,29
fixed,30
fixed,27
fixed,30
fixed,30
fixed,29
fixed,29
fixed,29
fixed,29
fixed,30
fixed,29
fixed,29
fixed,29
fixed,29
fixed,29
fixed,29
fixed,29
fixed,28
fixed,25
fixed,30
fixed,27
fixed,26
fixed,27
fixed,26
fixed,30
fixed,30
fixed,29
fixed,28
fixed,29
fixed,28
fixed,28
fixed,29
fixed,27
fixed,30
fixed,28
fixed,30
fixed,26
fixed,27
fixed,30
fixed,27
fixed,29
fixed,30
fixed,29
fixed,26
fixed,29
fixed,30
fixed,30
fixed,26
fixed,26
fixed,28
fixed,30
fixed,30
fixed,29
fixed,30
fixed,30
fixed,30
fixed,29
fixed,28
fixed,29
fixed,30
fixed,29
fixed,28
fixed,30
fixed,30
fixed,30
fixed,27
fixed,19
fixed,30
fixed,29
fixed,30
fixed,28
fixed,28
fixed,28
fixed,30
fixed,29
fixed,29
fixed,27
fixed,28
fixed,27
fixed,28
fixed,27
fixed,30
fixed,28
fixed,28
fixed,29
fixed,29
fixed,28
fixed,29
fixed,28
fixed,28
fixed,28
fixed,27
fixed,28
fixed,30
fixed,29
fixed,29
fixed,29
fixed,30
fixed,28
fixed,27
fixed,29
fixed,25
fixed,28
fixed,28
fixed,27
fixed,30
fixed,24
fixed,24
fixed,27
fixed,28
fixed,28
fixed,26
fixed,26
fixed,25
fixed,2
fixed,29
fixed,29
fixed,30
fixed,28
fixed,30
fixed,26
fixed,28
fixed,29
fixed,29
fixed,25
fixed,27
fixed,28
fixed,25
fixed,27
fixed,28
fixed,30
fixed,28
fixed,26
fixed,27
fixed,27
fixed,29
fixed,29
fixed,30
fixed,30
fixed,30
fixed,30
fixed,30
fixed,28
fixed,29
fixed,29
fixed,30
fixed,29
fixed,29
fixed,30
fixed,30
fixed,29
fixed,30
fixed,29
fixed,30
fixed,28
fixed,30
fixed,23
fixed,3
fixed,30
fixed,29
fixed,29
fixed,30
fixed,29
fixed,27
fixed,30
fixed,28
fixed,27
fixed,24
fixed,24
fixed,28
fixed,25
fixed,25
fixed,28
fixed,27
fixed,28
fixed,27
fixed,27
fixed,25
fixed,27
fixed,27
fixed,26
fixed,24
fixed,27
fixed,26
fixed,30
fixed,27
fixed,30
fixed,26
fixed,29
fixed,29
fixed,27
fixed,29
fixed,28
fixed,28
fixed,29
fixed,28
fixed,26
fixed,26
fixed,29
fixed,25
fixed,27
fixed,30
fixed,29
fixed,30
fixed,26
fixed,27
fixed,28
fixed,30
fixed,30
fixed,27
fixed,25
fixed,30
fixed,30
fixed,29
fixed,30
fixed,30
fixed,29
fixed,29
fixed,30
fixed,30
fixed,29
fixed,29
fixed,28
fixed,29
fixed,30
fixed,28
fixed,29
fixed,28
fixed,29
fixed,30
fixed,30
fixed,30
fixed,30
fixed,29
fixed,28
fixed,28
fixed,29
fixed,28
fixed,27
fixed,28
fixed,30
fixed,27
fixed,27
fixed,28
fixed,28
fixed,30
fixed,24
fixed,22
fixed,29
fixed,28
fixed,27
fixed,30
fixed,30
fixed,25
fixed,27
fixed,29
fixed,26
fixed,29
fixed,29
fixed,25
fixed,29
fixed,28
fixed,28
fixed,30
fixed,29
fixed,30
fixed,30
fixed,27
fixed,28
fixed,30
fixed,29
fixed,29
fixed,30
fixed,30
fixed,30
fixed,26
fixed,28
fixed,27
fixed,28
fixed,30
fixed,29
fixed,28
fixed,27
fixed,30
fixed,29
fixed,29
fixed,29
fixed,30
fixed,30
fixed,29
fixed,29
fixed,28
fixed,27
fixed,26
fixed,29
fixed,28
fixed,29
fixed,29
fixed,29
fixed,30
fixed,29
fixed,30
fixed,28
fixed,30
fixed,29
fixed,28
fixed,30
fixed,30
fixed,29
fixed,30
fixed,29
fixed,29
fixed,30
fixed,29
fixed,30
fixed,29
fixed,27
fixed,30
fixed,29
fixed,28
fixed,29
fixed,11
fixed,27
fixed,30
fixed,27
fixed,27
fixed,29
fixed,29
fixed,30
fixed,29
fixed,29
fixed,29
fixed,25
fixed,30
fixed,29
fixed,28
fixed,29
fixed,29
fixed,30
fixed,28
fixed,30
fixed,30
fixed,28
fixed,28
fixed,29
fixed,30
fixed,29
fixed,28
fixed,30
fixed,29
fixed,29
fixed,30
fixed,28
fixed,24
fixed,29
fixed,28
fixed,30
fixed,27
fixed,28
fixed,29
fixed,29
fixed,28
fixed,28
fixed,26
fixed,26
fixed,28
fixed,28
fixed,28
fixed,28
fixed,29
fixed,27
fixed,30
fixed,30
fixed,29
fixed,30
fixed,29
fixed,29
fixed,29
fixed,29
fixed,29
fixed,28
fixed,28
fixed,27
fixed,28
fixed,29
fixed,29
fixed,28
fixed,29
fixed,27
fixed,24
fixed,30
fixed,30
fixed,30
fixed,30
fixed,30
fixed,27
fixed,30
fixed,29
fixed,29
fixed,29
fixed,30
fixed,27
fixed,28
fixed,29
fixed,29
fixed,27
fixed,29
fixed,25
fixed,24
fixed,30
fixed,29
fixed,29
fixed,30
fixed,30
fixed,29
fixed,30
fixed,28
fixed,25
fixed,30
fixed,30
fixed,29
fixed,30
fixed,25
fixed,27
fixed,30
fixed,29
fixed,25
fixed,29
fixed,26
fixed,29
fixed,27
fixed,25
fixed,29
fixed,27
fixed,30
fixed,24
fixed,20
fixed,30
fixed,26
fixed,23
fixed,28
fixed,30
fixed,30
fixed,30
fixed,29
fixed,30
fixed,29
fixed,27
fixed,27
fixed,30
fixed,29
fixed,28
fixed,29
fixed,29
fixed,26
fixed,26
fixed,30
fixed,29
fixed,26
fixed,28
fixed,26
fixed,28
fixed,28
fixed,29
fixed,30
fixed,28
fixed,28
fixed,27
fixed,24
fixed,30
fixed,28
fixed,25
fixed,29
fixed,28
fixed,28
fixed,25
fixed,29
fixed,28
fixed,29
fixed,29
fixed,28
fixed,27
fixed,27
fixed,27
fixed,26
fixed,30
fixed,29
fixed,27
fixed,30
fixed,26
fixed,30
fixed,29
fixed,28
fixed,28
fixed,28
fixed,26
fixed,30
fixed,29
fixed,27
fixed,29
fixed,29
fixed,28
fixed,30
fixed,27
fixed,30
fixed,30
fixed,29
fixed,29
fixed,30
fixed,28
fixed,28
fixed,30
fixed,29
fixed,30
fixed,26
fixed,26
fixed,26
fixed,29
fixed,26
fixed,29
fixed,26
fixed,30
fixed,29
fixed,28
fixed,26
fixed,29
fixed,30
fixed,30
fixed,28
fixed,30
fixed,30
fixed,29
fixed,28
fixed,26
fixed,29
fixed,28
fixed,29
fixed,28
fixed,28
fixed,30
fixed,28
fixed,27
fixed,29
fixed,29
fixed,29
fixed,29
fixed,30
fixed,28
fixed,29
fixed,26
fixed,25
fixed,30
fixed,28
fixed,25
fixed,28
fixed,28
fixed,29
fixed,26
fixed,29
fixed,28
fixed,29
fixed,28
fixed,29
fixed,30
fixed,28
fixed,27
fixed,29
fixed,27
fixed,26
fixed,28
fixed,26
fixed,30
fixed,30
fixed,29
fixed,30
fixed,29
fixed,27
fixed,27
fixed,30
fixed,27
fixed,28
fixed,28
fixed,29
fixed,30
fixed,30
fixed,29
fixed,29
fixed,27
fixed,26
fixed,30
fixed,27
fixed,29
fixed,28
fixed,30
fixed,28
fixed,30
fixed,29
fixed,29
fixed,29
fixed,29
fixed,25
fixed,26
fixed,25
fixed,28
fixed,29
fixed,28
fixed,28
fixed,29
fixed,27
fixed,28
fixed,26
fixed,30
fixed,28
fixed,27
fixed,26
fixed,30
fixed,27
fixed,28
fixed,26
fixed,28
fixed,30
fixed,28
fixed,30
fixed,29
fixed,28
fixed,26
fixed,30
fixed,30
fixed,30
fixed,28
fixed,28
fixed,30
fixed,30
fixed,30
fixed,28
fixed,26
fixed,28
fixed,29
fixed,29
fixed,27
fixed,29
fixed,30
fixed,29
fixed,29
fixed,29
fixed,29
fixed,27
fixed,29
fixed,29
fixed,3
fixed,29
fixed,28
fixed,28
fixed,30
fixed,30
fixed,28
fixed,29
fixed,29
fixed,27
fixed,26
fixed,28
fixed,29
fixed,28
fixed,28
fixed,30
fixed,28
fixed,30
fixed,29
fixed,29
fixed,30
fixed,30
fixed,30
fixed,29
fixed,29
fixed,30
fixed,30
fixed,28
fixed,27
fixed,29
fixed,30
fixed,30
fixed,27
fixed,27
fixed,29
fixed,30
fixed,27
fixed,28
fixed,30
fixed,30
fixed,18
fixed,18
fixed,25
fixed,30
fixed,26
fixed,24
fixed,25
fixed,24
fixed,26
fixed,29
fixed,30
fixed,25
fixed,25
fixed,26
fixed,30
fixed,24
fixed,24
fixed,25
fixed,28
fixed,24
fixed,24
fixed,25
fixed,28
fixed,30
fixed,29
fixed,23
fixed,29
fixed,30
fixed,27
fixed,30
fixed,23
fixed,28
fixed,25
fixed,27
fixed,27
fixed,24
fixed,23
fixed,27
fixed,27
fixed,28
fixed,30
fixed,28
fixed,29
fixed,27
fixed,24
fixed,30
fixed,30
fixed,27
fixed,29
fixed,29
fixed,30
fixed,28
fixed,29
fixed,29
fixed,27
fixed,30
fixed,30
fixed,27
fixed,30
fixed,29
fixed,30
fixed,30
fixed,29
fixed,27
fixed,29
fixed,29
fixed,30
fixed,27
fixed,28
fixed,29
fixed,29
fixed,30
fixed,27
fixed,29
fixed,29
fixed,27
fixed,30
fixed,30
fixed,29
fixed,27
fixed,23
fixed,27
fixed,26
fixed,28
fixed,29
fixed,29
fixed,25
fixed,27
fixed,26
fixed,28
fixed,29
fixed,25
fixed,29
fixed,29
fixed,30
fixed,29
fixed,27
fixed,26
fixed,25
fixed,25
fixed,26
fixed,25
fixed,28
fixed,27
fixed,29
fixed,26
fixed,29
fixed,26
fixed,30
fixed,30
fixed,27
fixed,30
fixed,28
fixed,30
fixed,29
fixed,26
fixed,28
fixed,28
fixed,29
fixed,28
fixed,28
fixed,30
fixed,22
fixed,26
fixed,27
fixed,30
fixed,24
fixed,30
fixed,29
fixed,28
fixed,27
fixed,27
fixed,30
fixed,28
fixed,29
fixed,29
fixed,29
fixed,29
fixed,29
fixed,30
fixed,30
fixed,26
fixed,27
fixed,27
fixed,29
fixed,27
fixed,28
fixed,30
fixed,28
fixed,29
fixed,30
fixed,30
fixed,25
fixed,28
fixed,28
fixed,27
fixed,27
fixed,30
fixed,29
fixed,30
fixed,30
fixed,30
fixed,30
fixed,30
fixed,30
fixed,30
fixed,29
fixed,30
fixed,30
fixed,30
fixed,30
fixed,30
fixed,30
fixed,30
fixed,30
fixed,29
fixed,29
fixed,29
fixed,29
fixed,30
fixed,29
fixed,28
fixed,30
fixed,30
fixed,30
fixed,30
fixed,29
fixed,30
fixed,30
fixed,30
fixed,29
fixed,29
fixed,29
fixed,30
fixed,28
fixed,30
fixed,30
fixed,29
fixed,30
fixed,29
fixed,29
fixed,29
fixed,30
fixed,29
fixed,28
fixed,30
fixed,30
fixed,28
fixed,28
fixed,30
fixed,30
fixed,29
fixed,26
fixed,29
fixed,26
fixed,29
fixed,30
fixed,30
fixed,30
fixed,28
fixed,30
fixed,30
fixed,29
fixed,28
fixed,30
fixed,29
fixed,29
fixed,28
fixed,27
fixed,30
fixed,29
fixed,30
fixed,30
fixed,30
fixed,29
fixed,28
fixed,29
fixed,28
fixed,28
fixed,30
fixed,29
fixed,29
fixed,30
fixed,29
fixed,29
fixed,30
fixed,30
fixed,29
fixed,30
fixed,30
fixed,30
fixed,30
fixed,29
fixed,28
fixed,30
fixed,28
fixed,30
fixed,30
fixed,29
fixed,29
fixed,29
fixed,30
fixed,30
fixed,30
fixed,29
fixed,28
fixed,30
fixed,30
fixed,29
fixed,28
fixed,29
fixed,30
fixed,28
fixed,30
fixed,30
fixed,28
fixed,30
fixed,30
fixed,30
fixed,29
fixed,29
fixed,29
fixed,28
fixed,30
fixed,23
fixed,26
fixed,29
fixed,30
fixed,29
fixed,30
fixed,29
fixed,28
fixed,28
fixed,28
fixed,27
fixed,26
fixed,30
fixed,30
fixed,30
fixed,29
fixed,29
fixed,30
fixed,29
fixed,29
fixed,28
fixed,30
fixed,30
fixed,30
fixed,28
fixed,28
fixed,30
fixed,30
fixed,29
fixed,29
fixed,30
fixed,29
fixed,30
fixed,29
fixed,29
fixed,29
fixed,29
fixed,28
fixed,30
fixed,28
fixed,29
fixed,29
fixed,29
fixed,29
fixed,28
fixed,27
fixed,29
fixed,30
fixed,30
fixed,30
fixed,30
fixed,27
fixed,29
fixed,30
fixed,30
fixed,29
fixed,30
fixed,29
fixed,30
fixed,29
fixed,29
fixed,29
fixed,30
fixed,29
fixed,28
fixed,30
fixed,30
fixed,29
fixed,27
fixed,29
fixed,29
fixed,30
fixed,30
fixed,29
fixed,29
fixed,28
fixed,30
fixed,29
fixed,30
fixed,29
fixed,28
fixed,26
fixed,29
fixed,30
fixed,26
fixed,24
fixed,25
fixed,29
fixed,29
fixed,29
fixed,30
fixed,4
fixed,10
fixed,30
fixed,29
fixed,30
fixed,29
fixed,28
fixed,26
fixed,28
fixed,27
fixed,30
fixed,30
fixed,30
fixed,28
fixed,29
fixed,28
fixed,30
fixed,30
fixed,29
fixed,28
fixed,30
fixed,29
fixed,27
fixed,27
fixed,29
fixed,29
fixed,28
fixed,30
fixed,28
fixed,30
fixed,28
fixed,28
fixed,28
fixed,28
fixed,28
fixed,29
fixed,28
fixed,27
fixed,29
fixed,27
fixed,28
fixed,30
fixed,30
fixed,26
fixed,27
fixed,27
fixed,25
fixed,29
fixed,26
fixed,28
fixed,27
fixed,29
fixed,26
fixed,27
fixed,26
fixed,30
fixed,27
fixed,29
fixed,28
fixed,29
fixed,28
fixed,30
fixed,30
fixed,28
fixed,28
fixed,29
fixed,29
fixed,28
fixed,30
fixed,28
fixed,28
fixed,28
fixed,29
fixed,28
fixed,29
fixed,30
fixed,28
fixed,28
fixed,29
fixed,29
fixed,28
fixed,30
fixed,29
fixed,30
fixed,30
fixed,28
fixed,26
fixed,28
fixed,27
fixed,30
fixed,30
fixed,29
fixed,29
fixed,30
fixed,30
fixed,29
fixed,28
fixed,29
fixed,29
fixed,28
fixed,27
fixed,29
fixed,28
fixed,27
fixed,29
fixed,30
fixed,27
fixed,26
fixed,27
fixed,29
fixed,27
fixed,20
fixed,20
fixed,26
fixed,19
fixed,29
fixed,27
fixed,23
fixed,25
fixed,27
fixed,26
fixed,28
fixed,30
fixed,30
fixed,29
fixed,30
fixed,29
fixed,30
fixed,30
fixed,30
fixed,30
fixed,30
fixed,30
fixed,29
fixed,30
fixed,30
fixed,30
fixed,30
fixed,29
fixed,28
fixed,29
fixed,30
fixed,28
fixed,25
fixed,27
fixed,25
fixed,28
fixed,28
fixed,24
fixed,28
fixed,28
fixed,29
fixed,29
fixed,29
fixed,30
fixed,30
fixed,29
fixed,30
fixed,29
fixed,29
fixed,29
fixed,30
fixed,28
fixed,29
fixed,29
fixed,28
fixed,28
fixed,28
fixed,29
fixed,27
fixed,28
fixed,29
fixed,28
fixed,29
fixed,25
fixed,27
fixed,30
fixed,29
fixed,30
fixed,29
fixed,29
fixed,26
fixed,28
fixed,29
fixed,29
fixed,29
fixed,29
fixed,30
fixed,28
fixed,29
fixed,28
fixed,30
fixed,29
fixed,30
fixed,28
fixed,29
fixed,30
fixed,29
fixed,30
fixed,29
fixed,28
fixed,30
fixed,28
fixed,30
fixed,29
fixed,30
fixed,29
fixed,29
fixed,28
fixed,30
fixed,30
fixed,27
fixed,30
fixed,29
fixed,30
fixed,30
fixed,30
fixed,27
fixed,29
fixed,29
fixed,28
fixed,30
fixed,26
fixed,24
fixed,28
fixed,30
fixed,29
fixed,29
fixed,30
fixed,26
fixed,24
fixed,29
fixed,30
fixed,27
fixed,28
fixed,28
fixed,30
fixed,30
fixed,28
fixed,28
fixed,28
fixed,30
fixed,30
fixed,29
fixed,30
fixed,29
fixed,29
fixed,30
fixed,27
fixed,30
fixed,30
fixed,29
fixed,29
fixed,27
fixed,28
fixed,30
fixed,30
fixed,30
fixed,30
fixed,29
fixed,30
fixed,29
fixed,29
fixed,28
fixed,30
fixed,28
fixed,30
fixed,30
fixed,30
fixed,30
fixed,30
fixed,30
fixed,27
fixed,27
fixed,29
fixed,29
fixed,16
fixed,27
fixed,25
fixed,28
fixed,28
fixed,29
fixed,30
fixed,29
fixed,28
fixed,30
fixed,29
fixed,30
fixed,29
fixed,29
fixed,30
fixed,30
fixed,28
fixed,28
fixed,29
fixed,29
fixed,26
fixed,26
fixed,30
fixed,30
fixed,30
fixed,29
fixed,29
fixed,27
fixed,28
fixed,30
fixed,28
fixed,30
fixed,30
fixed,30
fixed,28
fixed,27
fixed,29
fixed,30
fixed,27
fixed,29
fixed,27
fixed,27
fixed,30
fixed,30
fixed,30
fixed,30
fixed,30
fixed,30
fixed,30
fixed,30
fixed,28
fixed,29
fixed,30
fixed,29
fixed,29
fixed,29
fixed,29
fixed,30
fixed,29
fixed,29
fixed,28
fixed,30
fixed,30
fixed,27
fixed,28
fixed,30
fixed,30
fixed,28
fixed,29
fixed,30
fixed,13
fixed,4
fixed,28
fixed,28
fixed,29
fixed,29
fixed,29
fixed,29
fixed,29
fixed,28
fixed,28
fixed,26
fixed,26
fixed,29
fixed,29
fixed,30
fixed,30
fixed,29
fixed,28
fixed,27
fixed,27
fixed,29
fixed,28
fixed,27
fixed,29
fixed,28
fixed,27
fixed,26
fixed,23
fixed,24
fixed,20
fixed,28
fixed,28
fixed,28
fixed,28
fixed,27
fixed,29
fixed,29
fixed,30
fixed,29
fixed,28
fixed,24
fixed,28
fixed,27
fixed,28
fixed,26
fixed,27
fixed,26
fixed,28
fixed,29
fixed,29
fixed,30
fixed,30
fixed,27
fixed,27
fixed,27
fixed,24
fixed,25
fixed,23
fixed,28
fixed,26
fixed,28
fixed,27
fixed,29
fixed,25
fixed,30
fixed,24
fixed,22
fixed,24
fixed,27
fixed,20
fixed,30
fixed,29
fixed,22
fixed,26
fixed,30
fixed,28
fixed,26
fixed,30
fixed,29
fixed,28
fixed,29
fixed,29
fixed,24
fixed,27
fixed,28
fixed,29
fixed,26
fixed,29
fixed,28
fixed,28
fixed,26
fixed,23
fixed,29
fixed,27
fixed,29
fixed,29
fixed,28
fixed,28
fixed,26
fixed,29
fixed,30
fixed,27
fixed,27
fixed,28
fixed,27
fixed,29
fixed,29
fixed,28
fixed,28
fixed,28
fixed,30
fixed,27
fixed,28
fixed,26
fixed,29
fixed,27
fixed,29
fixed,30
fixed,27
fixed,29
fixed,19
fixed,29
fixed,30
fixed,28
fixed,29
fixed,28
fixed,28
fixed,29
fixed,27
fixed,25
fixed,27
fixed,29
fixed,26
fixed,26
fixed,30
fixed,27
fixed,28
fixed,28
fixed,30
fixed,20
fixed,28
fixed,27
fixed,22
fixed,27
fixed,28
fixed,28
fixed,30
fixed,28
fixed,27
fixed,29
fixed,26
fixed,27
fixed,24
fixed,30
fixed,30
fixed,30
fixed,30
fixed,30
fixed,24
fixed,29
fixed,29
fixed,30
fixed,28
fixed,28
fixed,30
fixed,30
fixed,26
fixed,28
fixed,28
fixed,29
fixed,28
fixed,29
fixed,28
fixed,25
fixed,29
fixed,26
fixed,28
fixed,24
fixed,29
fixed,27
fixed,30
fixed,30
fixed,30
fixed,30
fixed,30
fixed,23
fixed,24
fixed,24
fixed,29
fixed,26
fixed,27
fixed,27
fixed,27
fixed,26
fixed,27
fixed,26
fixed,28
fixed,27
fixed,29
fixed,30
fixed,30
fixed,29
fixed,28
fixed,29
fixed,29
fixed,30
fixed,29
fixed,28
fixed,29
fixed,29
fixed,29
fixed,30
fixed,30
fixed,27
fixed,30
fixed,27
fixed,29
fixed,28
fixed,28
fixed,30
fixed,28
fixed,30
fixed,30
fixed,28
fixed,28
fixed,28
fixed,28
fixed,28
fixed,23
fixed,22
fixed,30
fixed,28
fixed,24
fixed,27
fixed,29
fixed,29
fixed,25
fixed,28
fixed,29
fixed,30
fixed,26
fixed,25
fixed,27
fixed,25
fixed,28
fixed,30
fixed,30
fixed,27
fixed,24
fixed,28
fixed,29
fixed,28
fixed,29
fixed,25
fixed,26
fixed,28
fixed,28
fixed,28
fixed,23
fixed,27
fixed,26
fixed,30
fixed,26
fixed,24
fixed,30
fixed,29
fixed,27
fixed,28
fixed,23
fixed,24
fixed,28
fixed,29
fixed,27
fixed,30
fixed,27
fixed,28
fixed,27
fixed,30
fixed,27
fixed,29
fixed,30
fixed,27
fixed,26
fixed,27
fixed,29
fixed,29
fixed,28
fixed,27
fixed,30
fixed,29
fixed,30
fixed,26
fixed,28
fixed,28
fixed,28
fixed,28
fixed,30
fixed,29
fixed,30
fixed,28
fixed,30
fixed,29
fixed,25
fixed,28
fixed,26
fixed,30
fixed,25
fixed,30
fixed,29
fixed,28
fixed,29
fixed,25
fixed,29
fixed,27
fixed,28
fixed,27
fixed,27
fixed,27
fixed,29
fixed,30
fixed,29
fixed,29
fixed,27
fixed,29
fixed,30
fixed,30
fixed,28
fixed,30
fixed,26
fixed,28
fixed,29
fixed,29
fixed,30
fixed,30
fixed,28
fixed,27
fixed,30
fixed,30
fixed,29
fixed,27
fixed,27
fixed,30
fixed,30
fixed,30
fixed,28
fixed,30
fixed,30
fixed,28
fixed,29
fixed,26
fixed,30
fixed,29
fixed,28
fixed,29
fixed,29
fixed,29
fixed,30
fixed,29
fixed,27
fixed,29
fixed,30
fixed,28
fixed,26
fixed,28
fixed,29
fixed,29
fixed,28
fixed,29
fixed,28
fixed,26
fixed,28
fixed,28
fixed,29
fixed,30
fixed,29
fixed,29
fixed,30
fixed,27
fixed,28
fixed,30
fixed,29
fixed,29
fixed,28
fixed,26
fixed,30
fixed,30
fixed,30
fixed,27
fixed,29
fixed,30
fixed,24
fixed,14
fixed,28
fixed,29
fixed,30
fixed,30
fixed,30
fixed,27
fixed,29
fixed,29
fixed,27
fixed,29
fixed,29
fixed,29
fixed,29
fixed,29
fixed,29
fixed,26
fixed,25
fixed,29
fixed,25
fixed,27
fixed,28
fixed,27
fixed,28
fixed,28
fixed,26
fixed,28
fixed,29
fixed,29
fixed,30
fixed,29
fixed,29
fixed,26
fixed,28
fixed,30
fixed,28
fixed,29
fixed,30
fixed,28
fixed,24
fixed,28
fixed,29
fixed,29
fixed,30
fixed,26
fixed,27
fixed,29
fixed,29
fixed,29
fixed,25
fixed,26
fixed,29
fixed,30
fixed,26
fixed,28
fixed,28
fixed,26
fixed,27
fixed,28
fixed,30
fixed,30
fixed,30
fixed,29
fixed,29
fixed,30
fixed,30
fixed,30
fixed,30
fixed,28
fixed,30
fixed,29
fixed,29
fixed,29
fixed,26
fixed,27
fixed,30
fixed,30
fixed,28
fixed,29
fixed,29
fixed,30
fixed,29
fixed,29
fixed,27
fixed,29
fixed,28
fixed,30
fixed,27
fixed,27
fixed,26
fixed,30
fixed,28
fixed,26
fixed,28
fixed,29
fixed,28
fixed,27
fixed,24
fixed,22
fixed,30
fixed,30
fixed,28
fixed,28
fixed,28
fixed,28
fixed,30
fixed,28
fixed,28
fixed,27
fixed,27
fixed,28
fixed,27
fixed,29
fixed,28
fixed,28
fixed,28
fixed,29
fixed,29
fixed,30
fixed,30
fixed,30
fixed,29
fixed,28
fixed,30
fixed,30
fixed,29
fixed,28
fixed,30
fixed,28
fixed,28
fixed,26
fixed,30
fixed,28
fixed,25
fixed,30
fixed,29
fixed,28
fixed,26
fixed,27
fixed,30
fixed,27
fixed,28
fixed,29
fixed,29
fixed,30
fixed,30
fixed,28
fixed,28
fixed,29
fixed,30
fixed,29
fixed,29
fixed,29
fixed,27
fixed,27
fixed,29
fixed,29
fixed,29
fixed,30
fixed,29
fixed,29
fixed,29
fixed,29
fixed,28
fixed,30
fixed,30
fixed,30
fixed,30
fixed,26
fixed,30
fixed,30
fixed,28
fixed,30
fixed,29
fixed,26
fixed,29
fixed,27
fixed,30
fixed,29
fixed,28
fixed,27
fixed,22
fixed,27
fixed,23
fixed,28
fixed,29
fixed,24
fixed,29
fixed,30
fixed,29
fixed,24
fixed,30
fixed,30
fixed,30
fixed,30
fixed,30
fixed,30
fixed,30
fixed,29
fixed,29
fixed,29
fixed,30
fixed,29
fixed,29
fixed,28
fixed,29
fixed,25
fixed,26
fixed,30
fixed,30
fixed,28
fixed,25
fixed,29
fixed,29
fixed,28
fixed,28
fixed,27
fixed,27
fixed,28
fixed,27
fixed,29
fixed,26
fixed,29
fixed,29
fixed,28
fixed,29
fixed,30
fixed,28
fixed,29
fixed,29
fixed,27
fixed,29
fixed,26
fixed,30
fixed,29
fixed,30
fixed,27
fixed,29
fixed,27
fixed,28
fixed,28
fixed,29
fixed,29
fixed,27
fixed,27
fixed,28
fixed,22
fixed,26
fixed,26
fixed,26
fixed,28
fixed,29
fixed,30
fixed,30
fixed,30
fixed,30
fixed,30
fixed,28
fixed,28
fixed,28
fixed,26
fixed,30
fixed,30
fixed,29
fixed,30
fixed,30
fixed,30
fixed,29
fixed,28
fixed,26
fixed,29
fixed,28
fixed,30
fixed,29
fixed,29
fixed,30
fixed,30
fixed,30
fixed,30
fixed,29
fixed,30
fixed,29
fixed,30
fixed,30
fixed,29
fixed,25
fixed,29
fixed,30
fixed,29
fixed,30
fixed,30
fixed,29
fixed,29
fixed,27
fixed,27
fixed,29
fixed,29
fixed,26
fixed,29
fixed,29
fixed,30
fixed,30
fixed,26
fixed,28
fixed,29
fixed,27
fixed,29
fixed,30
fixed,30
fixed,27
fixed,30
fixed,29
fixed,30
fixed,27
fixed,29
fixed,29
fixed,29
fixed,28
fixed,30
fixed,30
fixed,29
fixed,27
fixed,30
fixed,30
fixed,29
fixed,27
fixed,25
fixed,27
fixed,28
fixed,29
fixed,30
fixed,30
fixed,27
fixed,30
fixed,29
fixed,28
fixed,28
fixed,30
fixed,27
fixed,27
fixed,29
fixed,28
fixed,26
fixed,29
fixed,29
fixed,29
fixed,29
fixed,30
fixed,27
fixed,29
fixed,29
fixed,29
fixed,27
fixed,27
fixed,30
fixed,29
fixed,28
fixed,30
fixed,25
fixed,27
fixed,29
fixed,26
fixed,29
fixed,27
fixed,26
fixed,28
fixed,28
fixed,30
fixed,29
fixed,30
fixed,26
fixed,28
fixed,30
fixed,29
fixed,29
fixed,30
fixed,30
fixed,30
fixed,29
fixed,30
fixed,29
fixed,27
fixed,30
fixed,30
fixed,27
fixed,27
fixed,27
fixed,29
fixed,30
fixed,28
fixed,28
fixed,27
fixed,29
fixed,30
fixed,29
fixed,28
fixed,27
fixed,27
fixed,29
fixed,28
fixed,28
fixed,30
fixed,28
fixed,30
fixed,29
fixed,29
fixed,28
fixed,28
fixed,26
fixed,29
fixed,29
fixed,27
fixed,28
fixed,29
fixed,29
fixed,28
fixed,29
fixed,30
fixed,29
fixed,28
fixed,29
fixed,30
fixed,30
fixed,30
fixed,29
fixed,29
fixed,28
fixed,30
fixed,29
fixed,29
fixed,29
fixed,29
fixed,28
fixed,29
fixed,30
fixed,30
fixed,29
fixed,27
fixed,28
fixed,25
fixed,26
fixed,29
fixed,29
fixed,26
fixed,28
fixed,25
fixed,29
fixed,30
fixed,26
fixed,30
fixed,30
fixed,29
fixed,13
fixed,23
fixed,27
fixed,29
fixed,30
fixed,25
fixed,17
fixed,21
fixed,23
fixed,20
fixed,25
fixed,29
fixed,27
fixed,25
fixed,26
fixed,29
fixed,28
fixed,27
fixed,26
fixed,16
fixed,14
fixed,29
fixed,30
fixed,26
fixed,26
fixed,23
fixed,28
fixed,26
fixed,28
fixed,23
fixed,29
fixed,30
fixed,30
fixed,30
fixed,30
fixed,26
fixed,19
fixed,27
fixed,14
fixed,18
fixed,30
fixed,30
fixed,24
fixed,25
fixed,26
fixed,28
fixed,27
fixed,29
fixed,29
fixed,21
fixed,11
fixed,23
fixed,28
fixed,29
fixed,30
fixed,25
fixed,28
fixed,29
fixed,28
fixed,30
fixed,29
fixed,28
fixed,28
fixed,26
fixed,24
fixed,29
fixed,25
fixed,12
fixed,29
fixed,30
fixed,30
fixed,29
fixed,27
fixed,29
fixed,26
fixed,27
fixed,28
fixed,29
fixed,29
fixed,28
fixed,30
fixed,30
fixed,28
fixed,29
fixed,29
fixed,29
fixed,30
fixed,30
fixed,29
fixed,30
fixed,29
fixed,26
fixed,27
fixed,28
fixed,28
fixed,28
fixed,24
fixed,28
fixed,28
fixed,28
fixed,26
fixed,28
fixed,30
fixed,29
fixed,28
fixed,30
fixed,27
fixed,28
fixed,25
fixed,29
fixed,30
fixed,25
fixed,29
fixed,25
fixed,30
fixed,29
fixed,24
fixed,30
fixed,30
fixed,29
fixed,30
fixed,29
fixed,26
fixed,26
fixed,26
fixed,29
fixed,28
fixed,30
fixed,27
fixed,28
fixed,29
fixed,30
fixed,30
fixed,26
fixed,21
fixed,23
fixed,27
fixed,27
fixed,30
fixed,30
fixed,28
fixed,30
fixed,28
fixed,30
fixed,29
fixed,30
fixed,30
fixed,30
fixed,29
fixed,30
fixed,27
fixed,29
fixed,27
fixed,28
fixed,27
fixed,26
fixed,25
fixed,29
fixed,29
fixed,27
fixed,29
fixed,28
fixed,28
fixed,27
fixed,29
fixed,29
fixed,29
fixed,26
fixed,29
fixed,7
fixed,5
fixed,28
fixed,28
fixed,29
fixed,28
fixed,28
fixed,30
fixed,30
fixed,29
fixed,28
fixed,11
fixed,10
fixed,29
fixed,30
fixed,30
fixed,28
fixed,28
fixed,30
fixed,30
fixed,30
fixed,30
fixed,28
fixed,28
fixed,30
fixed,28
fixed,29
fixed,29
fixed,30
fixed,28
fixed,29
fixed,29
fixed,28
fixed,29
fixed,28
fixed,30
fixed,29
fixed,30
fixed,30
fixed,30
fixed,29
fixed,30
fixed,29
fixed,28
fixed,30
fixed,30
fixed,29
fixed,30
fixed,26
fixed,30
fixed,30
fixed,29
fixed,27
fixed,28
fixed,30
fixed,27
fixed,29
fixed,29
fixed,30
fixed,28
fixed,28
fixed,27
fixed,29
fixed,27
fixed,27
fixed,30
fixed,30
fixed,30
fixed,30
fixed,29
fixed,29
fixed,30
fixed,29
fixed,26
fixed,28
fixed,29
fixed,30
fixed,30
fixed,29
fixed,30
fixed,29
fixed,30
fixed,30
fixed,28
fixed,28
fixed,30
fixed,30
fixed,28
fixed,28
fixed,30
fixed,29
fixed,29
fixed,25
fixed,28
fixed,29
fixed,29
fixed,30
fixed,29
fixed,29
fixed,28
fixed,30
fixed,28
fixed,30
fixed,28
fixed,29
fixed,28
fixed,28
fixed,29
fixed,29
fixed,30
fixed,30
fixed,30
fixed,29
fixed,29
fixed,30
fixed,29
fixed,30
fixed,30
fixed,28
fixed,29
fixed,28
fixed,30
fixed,29
fixed,29
fixed,29
fixed,29
fixed,28
fixed,30
fixed,29
fixed,30
fixed,28
fixed,28
fixed,27
fixed,30
fixed,29
fixed,30
fixed,29
fixed,30
fixed,30
fixed,28
fixed,28
fixed,30
fixed,29
fixed,29
fixed,29
fixed,27
fixed,28
fixed,30
fixed,30
fixed,28
fixed,28
fixed,30
fixed,30
fixed,28
fixed,28
fixed,30
fixed,27
fixed,26
fixed,27
fixed,19
fixed,29
fixed,30
fixed,29
fixed,25
fixed,27
fixed,29
fixed,30
fixed,30
fixed,30
fixed,30
fixed,30
fixed,26
fixed,26
fixed,23
fixed,29
fixed,27
fixed,27
fixed,29
fixed,28
fixed,28
fixed,26
fixed,25
fixed,29
fixed,25
fixed,28
fixed,29
fixed,26
fixed,28
fixed,30
fixed,29
fixed,30
fixed,29
fixed,30
fixed,30
fixed,29
fixed,28
fixed,30
fixed,28
fixed,25
fixed,30
fixed,30
fixed,30
fixed,30
fixed,29
fixed,25
fixed,16
fixed,18
fixed,27
fixed,29
fixed,27
fixed,28
fixed,17
fixed,24
fixed,19
fixed,28
fixed,28
fixed,26
fixed,19
fixed,27
fixed,28
fixed,30
fixed,29
fixed,29
fixed,29
fixed,30
fixed,27
fixed,29
fixed,25
fixed,28
fixed,26
fixed,27
fixed,29
fixed,27
fixed,28
fixed,28
fixed,30
fixed,30
fixed,29
fixed,26
fixed,4
fixed,23
fixed,21
fixed,10
fixed,30
fixed,25
fixed,6
fixed,30
fixed,28
fixed,16
fixed,8
fixed,9
fixed,28
fixed,28
fixed,30
fixed,29
fixed,27
fixed,30
fixed,28
fixed,30
fixed,27
fixed,29
fixed,28
fixed,28
fixed,29
fixed,30
fixed,28
fixed,28
fixed,30
fixed,28
fixed,29
fixed,27
fixed,27
fixed,29
fixed,29
fixed,28
fixed,30
fixed,29
fixed,29
fixed,30
fixed,28
fixed,28
fixed,28
fixed,27
fixed,27
fixed,28
fixed,28
fixed,29
fixed,28
fixed,27
fixed,27
fixed,30
fixed,30
fixed,30
fixed,29
fixed,30
fixed,30
fixed,29
fixed,30
fixed,22
fixed,29
fixed,29
fixed,29
fixed,27
fixed,27
fixed,28
fixed,30
fixed,28
fixed,30
fixed,30
fixed,29
fixed,30
fixed,30
fixed,30
fixed,28
fixed,30
fixed,29
fixed,28
fixed,29
fixed,29
fixed,29
fixed,25
fixed,25
fixed,22
fixed,30
fixed,30
fixed,29
fixed,29
fixed,20
fixed,15
fixed,23
fixed,28
fixed,29
fixed,30
fixed,29
fixed,30
fixed,30
fixed,30
fixed,29
fixed,29
fixed,27
fixed,30
fixed,30
fixed,30
fixed,29
fixed,29
fixed,27
fixed,27
fixed,29
fixed,30
fixed,28
fixed,30
fixed,26
fixed,28
fixed,30
fixed,25
fixed,27
fixed,29
fixed,29
fixed,30
fixed,29
fixed,29
fixed,29
fixed,29
fixed,29
fixed,24
fixed,27
fixed,30
fixed,28
fixed,29
fixed,28
fixed,30
fixed,29
fixed,30
fixed,29
fixed,29
fixed,29
fixed,30
fixed,28
fixed,28
fixed,29
fixed,29
fixed,28
fixed,30
fixed,2
fixed,28
fixed,28
fixed,28
fixed,29
fixed,28
fixed,30
fixed,24
fixed,26
fixed,29
fixed,26
fixed,28
fixed,27
fixed,25
fixed,25
fixed,27
fixed,27
fixed,29
fixed,29
fixed,27
fixed,28
fixed,26
fixed,26
fixed,23
fixed,28
fixed,27
fixed,27
fixed,30
fixed,26
fixed,27
fixed,26
fixed,30
fixed,29
fixed,27
fixed,27
fixed,26
fixed,27
fixed,26
fixed,28
fixed,29
fixed,28
fixed,28
fixed,23
fixed,24
fixed,28
fixed,27
fixed,18
fixed,25
fixed,27
fixed,17
fixed,2
fixed,28
fixed,26
fixed,24
fixed,27
fixed,28
fixed,28
fixed,21
fixed,25
fixed,23
fixed,15
fixed,28
fixed,27
fixed,22
fixed,26
fixed,27
fixed,29
fixed,28
fixed,26
fixed,28
fixed,27
fixed,29
fixed,30
fixed,25
fixed,18
fixed,24
fixed,24
fixed,27
fixed,29
fixed,28
fixed,22
fixed,28
fixed,28
fixed,29
fixed,29
fixed,30
fixed,29
fixed,30
fixed,26
fixed,28
fixed,30
fixed,28
fixed,28
fixed,23
fixed,20
fixed,26
fixed,29
fixed,27
fixed,27
fixed,29
fixed,29
fixed,28
fixed,15
fixed,29
fixed,28
fixed,28
fixed,27
fixed,29
fixed,30
fixed,28
fixed,26
fixed,26
fixed,27
fixed,25
fixed,29
fixed,28
fixed,3
fixed,20
fixed,28
fixed,25
fixed,26
fixed,18
fixed,21
fixed,28
fixed,27
fixed,27
fixed,28
fixed,29
fixed,29
fixed,24
fixed,29
fixed,30
fixed,30
fixed,20
fixed,17
fixed,26
fixed,25
fixed,28
fixed,30
fixed,28
fixed,26
fixed,26
fixed,23
fixed,19
fixed,11
fixed,16
fixed,21
fixed,29
fixed,30
fixed,28
fixed,26
fixed,28
fixed,29
fixed,28
fixed,26
fixed,27
fixed,29
fixed,30
fixed,30
fixed,28
fixed,30
fixed,30
fixed,30
fixed,28
fixed,30
fixed,30
fixed,30
fixed,28
fixed,30
fixed,30
fixed,28
fixed,27
fixed,28
fixed,30
fixed,30
fixed,27
fixed,26
fixed,30
fixed,28
fixed,30
fixed,29
fixed,28
fixed,29
fixed,30
fixed,29
fixed,30
fixed,28
fixed,29
fixed,28
fixed,30
fixed,30
fixed,27
fixed,29
fixed,29
fixed,30
fixed,29
fixed,30
fixed,30
fixed,30
fixed,29
fixed,30
fixed,30
fixed,30
fixed,30
fixed,29
fixed,29
fixed,30
fixed,29
fixed,30
fixed,29
fixed,29
fixed,30
fixed,28
fixed,30
fixed,30
fixed,30
fixed,30
fixed,30
fixed,30
fixed,29
fixed,29
fixed,30
fixed,30
fixed,26
fixed,27
fixed,29
fixed,28
fixed,29
fixed,30
fixed,30
fixed,28
fixed,28
fixed,29
fixed,29
fixed,30
fixed,29
fixed,30
fixed,30
fixed,29
fixed,29
fixed,29
fixed,29
fixed,30
fixed,29
fixed,28
fixed,30
fixed,28
fixed,28
fixed,28
fixed,29
fixed,29
fixed,28
fixed,29
fixed,29
fixed,29
fixed,27
fixed,29
fixed,29
fixed,30
fixed,28
fixed,30
fixed,29
fixed,29
fixed,30
fixed,29
fixed,29
fixed,30
fixed,22
fixed,28
fixed,30
fixed,29
fixed,29
fixed,28
fixed,30
fixed,30
fixed,29
fixed,30
fixed,30
fixed,30
fixed,30
fixed,30
fixed,29
fixed,30
fixed,30
fixed,29
fixed,29
fixed,30
fixed,30
fixed,28
fixed,28
fixed,29
fixed,29
fixed,29
fixed,30
fixed,30
fixed,30
fixed,30
fixed,30
fixed,27
fixed,28
fixed,26
fixed,12
fixed,3
fixed,30
fixed,30
fixed,29
fixed,30
fixed,30
fixed,30
fixed,29
fixed,30
fixed,28
fixed,25
fixed,27
fixed,30
fixed,29
fixed,30
fixed,28
fixed,30
fixed,30
fixed,30
fixed,30
fixed,26
fixed,26
fixed,29
fixed,24
fixed,28
fixed,27
fixed,26
fixed,29
fixed,22
fixed,28
fixed,26
fixed,29
fixed,29
fixed,28
fixed,26
fixed,29
fixed,30
fixed,30
fixed,30
fixed,30
fixed,29
fixed,30
fixed,29
fixed,29
fixed,27
fixed,30
fixed,30
fixed,29
fixed,29
fixed,30
fixed,25
fixed,30
fixed,28
fixed,26
fixed,28
fixed,30
fixed,29
fixed,28
fixed,29
fixed,29
fixed,30
fixed,28
fixed,29
fixed,30
fixed,29
fixed,28
fixed,29
fixed,27
fixed,30
fixed,29
fixed,29
fixed,30
fixed,29
fixed,30
fixed,30
fixed,29
fixed,30
fixed,29
fixed,29
fixed,28
fixed,25
fixed,26
fixed,28
fixed,29
fixed,29
fixed,29
fixed,30
fixed,30
fixed,29
fixed,28
fixed,24
fixed,28
fixed,29
fixed,29
fixed,26
fixed,28
fixed,30
fixed,27
fixed,28
fixed,29
fixed,27
fixed,22
fixed,29
fixed,29
fixed,26
fixed,29
fixed,27
fixed,29
fixed,28
fixed,28
fixed,28
fixed,30
fixed,27
fixed,29
fixed,30
fixed,29
fixed,27
fixed,28
fixed,29
fixed,26
fixed,28
fixed,27
fixed,28
fixed,30
fixed,27
fixed,26
fixed,26
fixed,28
fixed,29
fixed,27
fixed,25
fixed,27
fixed,27
fixed,26
fixed,27
fixed,25
fixed,29
fixed,26
fixed,26
fixed,26
fixed,24
fixed,26
fixed,29
fixed,29
fixed,28
fixed,29
fixed,30
fixed,28
fixed,26
fixed,24
fixed,25
fixed,23
fixed,26
fixed,26
fixed,29
fixed,30
fixed,30
fixed,29
fixed,30
fixed,30
fixed,29
fixed,30
fixed,30
fixed,29
fixed,30
fixed,29
fixed,30
fixed,30
fixed,30
fixed,30
fixed,25
fixed,29
fixed,30
fixed,29
fixed,28
fixed,27
fixed,29
fixed,29
fixed,29
fixed,30
fixed,30
fixed,29
fixed,29
fixed,26
fixed,26
fixed,29
fixed,30
fixed,30
fixed,30
fixed,29
fixed,30
fixed,30
fixed,27
fixed,26
fixed,30
fixed,30
fixed,27
fixed,26
fixed,24
fixed,25
fixed,28
fixed,28
fixed,29
fixed,30
fixed,29
fixed,28
fixed,30
fixed,15
fixed,27
fixed,28
fixed,28
fixed,29
fixed,29
fixed,30
fixed,28
fixed,28
fixed,27
fixed,28
fixed,28
fixed,28
fixed,29
fixed,27
fixed,30
fixed,25
fixed,27
fixed,30
fixed,24
fixed,28
fixed,30
fixed,29
fixed,30
fixed,30
fixed,28
fixed,30
fixed,27
fixed,30
fixed,29
fixed,29
fixed,29
fixed,30
fixed,29
fixed,30
fixed,30
fixed,27
fixed,30
fixed,28
fixed,26
fixed,29
fixed,30
fixed,29
fixed,29
fixed,29
fixed,30
fixed,30
fixed,27
fixed,29
fixed,30
fixed,30
fixed,30
fixed,28
fixed,26
fixed,28
fixed,29
fixed,30
fixed,25
fixed,24
fixed,24
fixed,23
fixed,23
fixed,25
fixed,27
fixed,29
fixed,30
fixed,30
fixed,25
fixed,28
fixed,30
fixed,28
fixed,27
fixed,25
fixed,25
fixed,27
fixed,24
fixed,29
fixed,29
fixed,29
fixed,30
fixed,30
fixed,28
fixed,30
fixed,30
fixed,30
fixed,29
fixed,25
fixed,24
fixed,28
fixed,26
fixed,23
fixed,30
fixed,30
fixed,29
fixed,29
fixed,29
fixed,29
fixed,28
fixed,30
fixed,30
fixed,29
fixed,30
fixed,30
fixed,30
fixed,30
fixed,30
fixed,26
fixed,24
fixed,25
fixed,26
fixed,27
fixed,28
fixed,28
fixed,27
fixed,29
fixed,30
fixed,30
fixed,29
fixed,27
fixed,30
fixed,29
fixed,30
fixed,27
fixed,30
fixed,30
fixed,29
fixed,28
fixed,25
fixed,25
fixed,29
fixed,30
fixed,27
fixed,24
fixed,23
fixed,27
fixed,28
fixed,28
fixed,28
fixed,26
fixed,27
fixed,30
fixed,30
fixed,30
fixed,30
fixed,29
fixed,30
fixed,30
fixed,28
fixed,27
fixed,29
fixed,26
fixed,26
fixed,28
fixed,30
fixed,29
fixed,26
fixed,29
fixed,30
fixed,28
fixed,29
fixed,27
fixed,29
fixed,29
fixed,30
fixed,30
fixed,30
fixed,29
fixed,28
fixed,26
fixed,29
fixed,27
fixed,27
fixed,29
fixed,27
fixed,28
fixed,30
fixed,28
fixed,30
fixed,28
fixed,28
fixed,29
fixed,29
fixed,27
fixed,25
fixed,29
fixed,30
fixed,30
fixed,27
fixed,25
fixed,30
fixed,28
fixed,30
fixed,28
fixed,26
fixed,30
fixed,29
fixed,29
fixed,30
fixed,28
fixed,30
fixed,27
fixed,30
fixed,28
fixed,29
fixed,22
fixed,26
fixed,27
fixed,26
fixed,26
fixed,24
fixed,27
fixed,27
fixed,26
fixed,25
fixed,22
fixed,29
fixed,26
fixed,27
fixed,24
fixed,23
fixed,27
fixed,27
fixed,30
fixed,29
fixed,27
fixed,30
fixed,30
fixed,27
fixed,23
fixed,29
fixed,24
fixed,29
fixed,30
fixed,27
fixed,26
fixed,29
fixed,23
fixed,29
fixed,29
fixed,28
fixed,29
fixed,28
fixed,29
fixed,30
fixed,30
fixed,28
fixed,19
fixed,28
fixed,26
fixed,22
fixed,30
fixed,30
fixed,28
fixed,29
fixed,29
fixed,24
fixed,26
fixed,27
fixed,23
fixed,25
fixed,28
fixed,28
fixed,30
fixed,29
fixed,28
fixed,30
fixed,28
fixed,27
fixed,26
fixed,29
fixed,29
fixed,29
fixed,28
fixed,27
fixed,21
fixed,28
fixed,28
fixed,29
fixed,30
fixed,29
fixed,28
fixed,27
fixed,23
fixed,25
fixed,26
fixed,29
fixed,29
fixed,28
fixed,29
fixed,27
fixed,28
fixed,27
fixed,25
fixed,30
fixed,27
fixed,29
fixed,30
fixed,29
fixed,30
fixed,29
fixed,30
fixed,27
fixed,29
fixed,30
fixed,30
fixed,24
fixed,5
fixed,17
fixed,25
fixed,30
fixed,27
fixed,26
fixed,27
fixed,24
fixed,21
fixed,1
fixed,24
fixed,26
fixed,24
fixed,26
fixed,27
fixed,25
fixed,26
fixed,23
fixed,26
fixed,24
fixed,28
fixed,30
fixed,25
fixed,22
fixed,20
fixed,22
fixed,22
fixed,27
fixed,24
fixed,27
fixed,26
fixed,13
event,103.0
event,37.0
event,215.5
event,161.0
event,13.0
event,90.5
event,168.0
event,286.5
event,48.5
event,17.0
event,14.5
event,93.0
event,60.5
event,32.5
event,38.5
event,41.5
event,23.5
event,129.0
event,32.0
event,36.5
event,82.5
event,63.0
event,36.0
event,33.5
event,32.5
event,130.5
event,22.0
event,23.5
event,19.0
event,127.0
event,25.5
event,16.5
event,25.5
event,15.5
event,11.0
event,13.5
event,37.5
event,205.0
event,45.5
event,13.0
event,23.0
event,112.5
event,247.5
event,106.0
event,50.0
event,161.5
event,203.5
event,45.0
event,37.5
event,28.0
event,63.0
event,22.5
event,10.5
event,24.0
event,29.0
event,13.0
event,12.0
event,28.0
event,10.5
event,22.0
event,20.5
event,34.0
event,23.0
event,32.5
event,18.0
event,10.5
event,29.5
event,190.5
event,39.5
event,11.5
event,12.0
event,20.0
event,36.5
event,11.0
event,97.0
event,126.0
event,59.0
event,21.5
event,37.5
event,44.0
event,281.0
event,126.5
event,42.5
event,99.5
event,90.5
event,16.0
event,25.0
event,10.0
event,80.5
event,35.0
event,23.0
event,15.0
event,20.5
event,179.0
event,10.0
event,233.5
event,223.0
event,190.5
event,157.0
event,112.5
event,18.0
event,88.5
event,41.0
event,40.0
event,37.0
event,38.5
event,46.0
event,15.0
event,210.0
event,134.5
event,63.5
event,243.5
event,112.0
event,22.0
event,43.0
event,10.0
event,67.5
event,164.0
event,266.0
event,158.0
event,184.0
event,45.0
event,42.0
event,276.5
event,127.5
event,58.0
event,21.0
event,13.0
event,19.0
event,30.0
event,238.0
event,117.5
event,177.0
event,42.0
event,114.5
event,55.5
event,85.5
event,48.0
event,69.0
event,11.5
event,106.5
event,12.5
event,18.5
event,52.0
event,86.5
event,117.0
event,208.5
event,13.0
event,35.0
event,12.5
event,14.5
event,24.5
event,116.0
event,205.5
event,10.0
event,300.0
event,41.47
event,212.5
event,102.5
event,136.5
event,55.0
event,53.5
event,25.0
event,172.0
event,289.0
event,221.5
event,116.0
event,262.0
event,44.0
event,56.0
event,248.0
event,130.0
event,49.5
event,263.5
event,253.0
event,51.5
event,66.0
event,115.0
event,195.5
event,139.5
event,17.5
event,11.5
event,63.5
event,29.5
event,14.5
event,168.0
event,139.0
event,260.5
event,152.0
event,296.5
event,11.5
event,94.5
event,207.0
event,94.5
event,142.0
event,42.0
event,112.0
event,142.0
event,79.0
event,110.0
event,14.5
event,10.0
event,110.4
event,33.0
event,14.0
event,33.0
event,62.0
event,14.5
event,212.0
event,259.5
event,29.5
event,47.0
event,217.5
event,23.0
event,132.5
event,16.0
event,42.0
event,108.5
event,10.5
event,88.0
event,98.5
event,14.0
event,35.0
event,11.5
event,124.5
event,147.0
event,123.0
event,35.5
event,17.0
event,18.0
event,13.0
event,11.5
event,12.0
event,27.5
event,22.0
event,15.0
event,18.5
event,24.5
event,28.0
event,33.0
event,175.5
event,175.0
event,44.5
event,20.0
event,10.0
event,21.0
event,12.0
event,11.0
event,12.5
event,16.5
event,10.0
event,12.0
event,35.5
event,15.5
event,37.0
event,17.0
event,19.5
event,15.5
event,31.5
event,45.0
event,35.0
event,14.5
event,20.0
event,14.0
event,76.5
event,22.0
event,38.0
event,10.5
event,12.5
event,11.5
event,15.5
event,11.0
event,34.5
event,40.0
event,23.0
event,37.5
event,52.5
event,115.5
event,90.0
event,28.0
event,26.0
event,17.5
event,108.5
event,10.5
event,20.5
event,13.5
event,19.5
event,24.0
event,10.5
event,23.07
event,205.5
event,22.0
event,107.5
event,236.0
event,134.5
event,20.5
event,13.0
event,15.0
event,31.0
event,15.0
event,31.5
event,32.5
event,10.0
event,10.5
event,16.5
event,10.5
event,10.5
event,10.5
event,31.5
event,23.5
event,34.0
event,13.5
event,10.0
event,15.0
event,52.5
event,78.5
event,231.0
event,137.0
event,46.5
event,38.0
event,13.0
event,300.0
event,111.53
event,205.47
event,21.0
event,76.0
event,288.5
event,251.5
event,69.5
event,147.5
event,21.0
event,12.0
event,11.0
event,34.5
event,96.5
event,33.0
event,11.0
event,17.0
event,14.5
event,12.5
event,56.0
event,10.5
event,24.0
event,106.5
event,18.5
event,45.5
event,206.0
event,71.0
event,276.5
event,217.5
event,44.0
event,11.0
event,18.5
event,14.5
event,19.5
event,12.5
event,42.5
event,11.5
event,264.5
event,10.5
event,41.0
event,68.0
event,25.0
event,11.5
event,12.5
event,36.5
event,28.5
event,12.0
event,22.0
event,10.0
event,55.0
event,17.0
event,25.0
event,15.0
event,32.0
event,33.5
event,10.0
event,17.5
event,20.5
event,13.0
event,54.5
event,27.5
event,10.0
event,10.5
event,14.0
event,33.5
event,17.0
event,12.5
event,49.5
event,46.5
event,33.0
event,42.5
event,17.5
event,237.0
event,271.0
event,15.0
event,33.0
event,134.5
event,16.5
event,21.5
event,11.5
event,21.0
event,37.5
event,179.5
event,262.5
event,157.0
event,10.0
event,145.5
event,62.0
event,155.0
event,32.0
event,23.5
event,180.5
event,183.5
event,21.5
event,13.0
event,15.0
event,14.5
event,10.0
event,12.5
event,18.0
event,10.0
event,296.5
event,21.5
event,274.5
event,70.5
event,111.0
event,33.5
event,35.5
event,10.0
event,12.0
event,300.0
event,231.9
event,242.5
event,258.5
event,12.0
event,41.5
event,106.0
event,36.0
event,10.0
event,15.0
event,32.5
event,16.5
event,10.0
event,16.5
event,19.5
event,17.0
event,13.0
event,32.0
event,31.0
event,298.0
event,257.5
event,217.5
event,176.0
event,256.0
event,170.5
event,16.5
event,20.0
event,12.0
event,31.0
event,186.0
event,15.5
event,25.0
event,144.5
event,31.5
event,16.5
event,53.0
event,277.0
event,11.5
event,131.0
event,80.5
event,288.5
event,49.0
event,31.5
event,87.0
event,21.0
event,23.5
event,35.0
event,10.0
event,43.5
event,15.5
event,10.0
event,21.0
event,11.5
event,10.0
event,10.0
event,10.5
event,20.5
event,60.5
event,23.5
event,10.0
event,156.0
event,10.5
event,300.0
event,245.6
event,250.0
event,34.0
event,81.0
event,13.0
event,18.0
event,14.0
event,14.5
event,10.5
event,13.0
event,24.5
event,25.5
event,10.0
event,17.5
event,37.5
event,15.5
event,15.0
event,294.5
event,233.0
event,292.0
event,36.0
event,27.5
event,40.0
event,140.0
event,175.5
event,233.0
event,256.5
event,77.0
event,225.5
event,16.5
event,15.5
event,15.0
event,13.0
event,29.5
event,10.5
event,246.5
event,48.0
event,175.0
event,168.0
event,100.5
event,11.5
event,205.0
event,284.5
event,94.0
event,259.0
event,165.5
event,23.5
event,38.0
event,144.0
event,171.5
event,192.5
event,98.5
event,147.0
event,279.0
event,65.5
event,71.5
event,246.0
event,28.5
event,18.5
event,90.0
event,265.5
event,10.0
event,45.0
event,10.5
event,76.0
event,160.0
event,216.0
event,84.5
event,125.5
event,128.0
event,10.5
event,42.5
event,40.5
event,17.0
event,16.5
event,18.5
event,11.5
event,13.5
event,15.0
event,37.0
event,12.5
event,40.0
event,103.5
event,11.0
event,120.0
event,33.5
event,13.0
event,134.5
event,140.5
event,61.0
event,29.0
event,189.0
event,145.0
event,12.0
event,20.5
event,12.5
event,10.0
event,44.0
event,97.5
event,28.5
event,96.0
event,38.5
event,15.0
event,20.5
event,19.0
event,142.5
event,35.5
event,11.5
event,28.5
event,13.5
event,18.0
event,14.5
event,18.5
event,121.5
event,290.5
event,138.5
event,15.5
event,24.5
event,12.5
event,10.0
event,128.0
event,144.0
event,261.5
event,164.0
event,27.5
event,15.0
event,26.5
event,73.5
event,32.5
event,71.5
event,23.0
event,65.5
event,194.0
event,38.5
event,15.5
event,234.5
event,56.0
event,73.5
event,13.5
event,31.5
event,12.0
event,26.0
event,37.0
event,13.5
event,35.0
event,258.0
event,10.5
event,221.5
event,11.0
event,29.0
event,31.5
event,21.5
event,14.0
event,30.5
event,81.0
event,19.5
event,28.0
event,11.5
event,18.5
event,20.5
event,215.5
event,233.0
event,15.5
event,46.0
event,73.0
event,53.5
event,47.5
event,276.5
event,166.0
event,57.0
event,194.0
event,92.5
event,113.5
event,56.0
event,36.5
event,84.5
event,97.0
event,70.5
event,12.47
event,35.0
event,276.5
event,97.5
event,36.0
event,297.0
event,261.5
event,217.0
event,22.5
event,164.5
event,281.5
event,10.5
event,41.0
event,17.5
event,18.0
event,14.5
event,133.0
event,16.5
event,234.5
event,34.0
event,18.0
event,74.5
event,77.0
event,18.0
event,31.0
event,85.0
event,42.5
event,12.0
event,29.5
event,115.0
event,139.5
event,18.0
event,130.5
event,258.0
event,173.0
event,159.5
event,216.0
event,286.5
event,268.5
event,40.5
event,25.0
event,15.5
event,10.0
event,57.5
event,127.0
event,264.5
event,175.5
event,15.0
event,74.5
event,63.0
event,26.5
event,75.0
event,38.0
event,25.5
event,18.0
event,21.5
event,10.0
event,26.5
event,12.5
event,32.5
event,10.0
event,19.0
event,16.5
event,32.5
event,46.0
event,13.0
event,157.5
event,228.5
event,34.5
event,73.5
event,300.0
event,246.5
event,200.0
event,33.0
event,94.0
event,154.5
event,285.0
event,299.0
event,88.5
event,28.0
event,34.0
event,56.0
event,14.0
event,123.5
event,31.0
event,203.0
event,238.0
event,63.5
event,156.0
event,50.0
event,152.5
event,15.5
event,108.5
event,180.5
event,143.0
event,69.5
event,59.0
event,276.5
event,74.5
event,143.0
event,191.0
event,203.0
event,17.0
event,157.5
event,119.5
event,183.0
event,134.5
event,58.0
event,226.0
event,286.5
event,191.5
event,32.5
event,71.5
event,112.0
event,233.0
event,54.5
event,259.0
event,206.0
event,203.5
event,132.5
event,142.0
event,15.5
event,16.0
event,102.0
event,24.5
event,37.0
event,147.0
event,172.5
event,246.0
event,162.5
event,244.0
event,229.0
event,160.5
event,15.5
event,22.5
event,80.0
event,51.0
event,209.5
event,50.5
event,53.0
event,26.5
event,17.5
event,13.5
event,19.5
event,73.5
event,33.5
event,66.5
event,63.0
event,219.5
event,151.0
event,140.5
event,86.5
event,14.0
event,11.0
event,56.67
event,10.0
event,18.0
event,43.0
event,187.5
event,11.5
event,268.5
event,120.5
event,189.5
event,181.5
event,91.0
event,10.0
event,300.0
event,40.93
event,18.0
event,178.0
event,114.0
event,94.0
event,35.0
event,89.0
event,66.0
event,13.5
event,188.0
event,43.5
event,13.5
event,21.0
event,31.0
event,30.0
event,19.0
event,184.0
event,63.5
event,28.0
event,133.0
event,229.5
event,48.5
event,127.5
event,39.5
event,46.0
event,15.0
event,20.5
event,113.5
event,117.0
event,124.0
event,20.0
event,65.0
event,112.0
event,166.5
event,15.0
event,106.0
event,145.5
event,74.0
event,31.0
event,10.5
event,63.0
event,30.0
event,24.0
event,19.5
event,36.5
event,32.5
event,19.5
event,17.0
event,107.0
event,233.5
event,89.0
event,62.5
event,141.5
event,10.5
event,233.0
event,37.5
event,21.5
event,13.5
event,37.0
event,72.0
event,196.0
event,14.5
event,300.0
event,72.93
event,45.0
event,131.5
event,60.0
event,56.0
event,131.0
event,26.5
event,28.5
event,11.0
event,30.5
event,53.5
event,32.0
event,81.0
event,31.5
event,14.5
event,33.5
event,89.0
event,47.5
event,73.0
event,31.0
event,46.5
event,12.0
event,10.5
event,60.0
event,58.0
event,51.5
event,148.0
event,60.5
event,35.0
event,50.5
event,186.0
event,16.5
event,27.5
event,76.0
event,94.5
event,44.0
event,40.5
event,16.5
event,34.5
event,106.0
event,42.5
event,96.0
event,22.0
event,47.5
event,43.0
event,15.0
event,58.0
event,211.0
event,100.5
event,24.0
event,42.0
event,12.0
event,12.5
event,71.0
event,10.0
event,11.5
event,25.0
event,10.0
event,22.5
event,100.5
event,47.5
event,88.0
event,91.0
event,15.5
event,156.0
event,36.5
event,87.0
event,57.0
event,32.5
event,17.0
event,16.0
event,29.5
event,18.5
event,92.5
event,121.0
event,45.0
event,50.0
event,46.0
event,43.0
event,30.5
event,26.0
event,20.0
event,102.0
event,98.0
event,29.0
event,32.0
event,79.0
event,12.5
event,13.5
event,18.5
event,41.5
event,177.5
event,183.5
event,46.5
event,42.5
event,43.5
event,14.0
event,45.0
event,189.5
event,78.5
event,32.0
event,29.5
event,34.0
event,53.5
event,127.0
event,31.0
event,187.5
event,48.5
event,22.5
event,12.0
event,96.5
event,31.0
event,65.5
event,16.5
event,29.0
event,38.0
event,35.0
event,44.5
event,86.5
event,97.0
event,60.5
event,65.0
event,250.0
event,78.5
event,60.5
event,64.0
event,29.5
event,15.0
event,32.5
event,14.0
event,27.0
event,15.5
event,16.0
event,17.0
event,57.0
event,177.0
event,52.0
event,20.0
event,22.5
event,16.0
event,20.0
event,15.0
event,21.0
event,19.0
event,47.5
event,28.5
event,14.0
event,17.0
event,56.5
event,18.0
event,18.5
event,24.5
event,13.5
event,75.5
event,14.5
event,10.5
event,28.0
event,11.0
event,16.5
event,21.5
event,177.5
event,11.0
event,18.5
event,20.5
event,11.0
event,43.5
event,40.0
event,37.5
event,11.5
event,14.5
event,23.5
event,13.0
event,44.0
event,10.5
event,27.5
event,33.0
event,76.0
event,11.5
event,74.5
event,256.5
event,30.0
event,32.0
event,14.0
event,268.0
event,89.5
event,291.0
event,124.5
event,69.5
event,280.5
event,136.0
event,115.0
event,174.0
event,34.0
event,23.5
event,36.5
event,14.0
event,19.0
event,10.0
event,234.0
event,43.5
event,18.0
event,18.5
event,42.5
event,154.5
event,101.0
event,39.0
event,24.0
event,43.5
event,84.5
event,55.5
event,73.5
event,80.5
event,176.5
event,103.5
event,107.5
event,27.0
event,113.5
event,29.0
event,20.5
event,12.5
event,95.0
event,294.5
event,14.5
event,35.0
event,82.0
event,99.5
event,10.0
event,56.0
event,113.5
event,13.5
event,10.5
event,36.5
event,12.0
event,110.5
event,295.0
event,38.5
event,67.0
event,20.5
event,11.0
event,10.0
event,57.5
event,52.0
event,35.0
event,12.0
event,260.0
event,266.0
event,89.0
event,226.5
event,12.5
event,18.5
event,18.5
event,12.5
event,13.5
event,16.0
event,69.0
event,276.5
event,54.0
event,278.5
event,66.5
event,160.5
event,187.0
event,164.0
event,12.0
event,13.5
event,254.5
event,14.0
event,253.5
event,12.0
event,17.5
event,47.77
event,256.0
event,78.5
event,229.0
event,17.5
event,125.5
event,199.5
event,231.0
event,157.0
event,228.0
event,113.5
event,17.0
event,16.5
event,24.5
event,34.5
event,16.0
event,201.5
event,23.0
event,46.5
event,55.0
event,13.5
event,253.0
event,215.5
event,136.0
event,78.0
event,14.5
event,27.0
event,10.5
event,10.0
event,33.5
event,42.0
event,213.5
event,109.5
event,20.5
event,282.5
event,14.0
event,14.0
event,21.0
event,22.0
event,15.5
event,16.5
event,85.5
event,94.5
event,19.0
event,28.0
event,13.0
event,31.0
event,10.0
event,38.0
event,15.5
event,35.0
event,143.5
event,14.5
event,31.5
event,87.5
event,17.0
event,37.0
event,20.5
event,21.0
event,86.0
event,231.0
event,35.5
event,170.5
event,218.5
event,96.5
event,277.0
event,78.5
event,75.5
event,17.0
event,35.5
event,12.5
event,14.0
event,29.0
event,28.0
event,10.5
event,214.0
event,33.5
event,291.0
event,144.5
event,181.0
event,59.0
event,51.0
event,27.5
event,107.5
event,56.0
event,19.0
event,78.0
event,267.5
event,84.0
event,227.0
event,15.0
event,39.5
event,76.0
event,13.0
event,35.0
event,23.5
event,15.0
event,17.5
event,14.0
event,23.0
event,25.0
event,32.0
event,57.0
event,39.0
event,45.0
event,52.5
event,134.0
event,12.0
event,16.0
event,26.5
event,40.5
event,76.5
event,38.0
event,19.5
event,17.5
event,18.5
event,21.0
event,33.0
event,250.5
event,37.0
event,12.5
event,34.5
event,13.5
event,163.5
event,11.0
event,40.5
event,128.5
event,61.0
event,55.0
event,13.5
event,53.5
event,41.5
event,99.5
event,94.5
event,43.5
event,298.0
event,51.5
event,49.0
event,66.0
event,12.0
event,14.5
event,29.5
event,15.0
event,19.5
event,60.5
event,12.0
event,12.5
event,22.0
event,82.0
event,61.0
event,219.0
event,163.0
event,74.0
event,60.5
event,11.0
event,24.0
event,10.0
event,278.0
event,142.0
event,70.5
event,31.0
event,28.0
event,11.5
event,15.0
event,10.5
event,300.0
event,193.37
event,76.0
event,283.5
event,124.0
event,86.0
event,34.5
event,10.5
event,107.5
event,34.5
event,77.0
event,16.5
event,27.5
event,203.0
event,25.5
event,18.0
event,24.0
event,44.0
event,25.5
event,163.0
event,84.5
event,39.5
event,113.0
event,35.0
event,14.5
event,105.5
event,58.5
event,15.5
event,29.0
event,47.5
event,10.0
event,47.5
event,71.0
event,85.0
event,34.5
event,50.0
event,11.0
event,22.0
event,89.0
event,115.0
event,35.0
event,113.5
event,21.5
event,36.5
event,106.0
event,32.0
event,16.5
event,47.5
event,25.5
event,23.0
event,20.0
event,10.5
event,53.5
event,31.5
event,111.5
event,146.5
event,231.0
event,10.0
event,105.5
event,42.0
event,55.5
event,70.0
event,15.0
event,27.0
event,11.5
event,34.5
event,19.0
event,29.0
event,16.0
event,25.0
event,13.0
event,14.0
event,26.0
event,206.0
event,153.0
event,295.0
event,11.0
event,156.5
event,300.0
event,27.0
event,23.5
event,17.0
event,42.0
event,70.0
event,12.0
event,17.0
event,16.5
event,10.0
event,33.5
event,10.0
event,15.5
event,106.0
event,273.5
event,44.0
event,11.5
event,32.0
event,84.5
event,12.0
event,25.5
event,14.5
event,96.0
event,73.0
event,130.5
event,26.0
event,32.5
event,25.0
event,10.5
event,23.5
event,45.0
event,15.5
event,53.5
event,52.5
event,23.0
event,26.0
event,13.0
event,12.0
event,95.0
event,24.5
event,15.0
event,32.0
event,138.0
event,22.0
event,14.0
event,38.0
event,32.0
event,46.5
event,30.0
event,71.0
event,37.0
event,10.5
event,105.5
event,282.5
event,12.5
event,159.0
event,128.0
event,135.0
event,74.0
event,241.0
event,25.0
event,17.0
event,34.0
event,35.5
event,80.0
event,12.5
event,37.5
event,176.5
event,13.0
event,165.5
event,13.5
event,17.0
event,12.5
event,15.5
event,49.5
event,98.0
event,281.0
event,174.5
event,30.0
event,10.0
event,95.0
event,13.5
event,68.0
event,10.0
event,45.0
event,55.5
event,282.5
event,25.5
event,189.5
event,15.5
event,53.0
event,283.5
event,19.0
event,41.0
event,137.5
event,11.0
event,42.5
event,209.0
event,15.5
event,34.0
event,26.0
event,124.0
event,31.0
event,24.5
event,24.0
event,12.5
event,20.0
event,15.5
event,30.5
event,170.5
event,252.0
event,31.0
event,71.5
event,111.0
event,31.0
event,16.0
event,84.0
event,10.0
event,58.5
event,40.0
event,277.0
event,39.0
event,262.0
event,12.0
event,32.0
event,120.0
event,13.5
event,22.0
event,300.0
event,63.27
event,140.0
event,230.0
event,23.0
event,17.5
event,19.5
event,104.5
event,198.0
event,117.0
event,11.5
event,82.0
event,39.5
event,250.0
event,98.5
event,226.0
event,170.5
event,61.0
event,40.0
event,12.5
event,23.5
event,31.5
event,11.0
event,300.0
event,185.87
event,10.5
event,17.0
event,254.5
event,70.5
event,164.5
event,228.0
event,87.0
event,271.5
event,34.5
event,163.5
event,180.5
event,49.0
event,31.5
event,191.0
event,225.5
event,189.5
event,191.0
event,183.5
event,86.0
event,225.0
event,300.0
event,54.53
event,26.0
event,142.5
event,32.0
event,10.0
event,15.0
event,300.0
event,266.5
event,49.5
event,42.5
event,193.5
event,170.0
event,279.5
event,191.5
event,73.0
event,12.0
event,42.5
event,199.0
event,44.0
event,35.0
event,115.0
event,12.0
event,57.0
event,281.5
event,107.5
event,227.0
event,172.0
event,231.5
event,93.5
event,27.5
event,235.0
event,144.0
event,11.5
event,205.0
event,196.5
event,72.5
event,134.5
event,293.0
event,17.5
event,247.5
event,48.0
event,176.5
event,10.0
event,21.5
event,10.0
event,34.0
event,18.0
event,17.5
event,31.0
event,88.0
event,111.5
event,169.0
event,41.5
event,11.0
event,53.0
event,36.5
event,44.0
event,38.0
event,58.0
event,35.0
event,42.5
event,15.0
event,106.5
event,14.0
event,30.0
event,50.5
event,10.0
event,48.5
event,37.0
event,37.0
event,14.5
event,62.5
event,32.0
event,30.5
event,39.0
event,31.5
event,21.0
event,14.5
event,37.0
event,12.5
event,49.0
event,95.5
event,83.5
event,60.0
event,30.0
event,22.5
event,110.0
event,36.5
event,12.0
event,44.5
event,49.0
event,37.0
event,48.0
event,30.0
event,57.5
event,28.5
event,11.5
event,52.5
event,19.0
event,86.0
event,194.5
event,229.0
event,101.5
event,270.5
event,13.0
event,16.5
event,33.5
event,52.5
event,177.5
event,149.0
event,143.0
event,267.0
event,18.5
event,24.5
event,17.5
event,28.0
event,13.5
event,266.0
event,39.5
event,296.5
event,137.5
event,284.5
event,11.0
event,20.5
event,287.5
event,95.5
event,270.0
event,200.0
event,72.0
event,46.5
event,89.5
event,43.0
event,11.0
event,10.0
event,12.5
event,300.0
event,159.0
event,46.5
event,28.5
event,290.0
event,39.5
event,291.0
event,11.5
event,170.5
event,74.5
event,251.0
event,15.0
event,41.5
event,43.5
event,37.0
event,25.0
event,14.5
event,13.5
event,20.5
event,28.0
event,12.5
event,21.0
event,10.5
event,19.5
event,11.0
event,34.0
event,13.5
event,12.5
event,38.5
event,196.5
event,20.5
event,22.0
event,11.0
event,12.5
event,10.5
event,34.5
event,170.5
event,134.0
event,40.0
event,35.0
event,71.0
event,19.5
event,27.5
event,14.0
event,37.5
event,15.0
event,208.5
event,10.0
event,95.5
event,48.0
event,12.5
event,260.5
event,133.0
event,292.5
event,133.5
event,261.5
event,147.5
event,22.0
event,25.0
event,13.5
event,13.0
event,16.07
event,32.93
event,22.0
event,14.5
event,161.5
event,183.5
event,21.5
event,21.5
event,274.5
event,177.5
event,182.0
event,35.5
event,110.5
event,240.5
event,137.5
event,21.5
event,14.0
event,32.5
event,15.0
event,14.5
event,122.0
event,83.5
event,31.5
event,32.0
event,204.5
event,15.0
event,299.0
event,11.5
event,11.5
event,44.0
event,245.0
event,74.5
event,101.5
event,86.5
event,37.5
event,26.0
event,11.0
event,34.5
event,11.0
event,50.0
event,17.5
event,18.5
event,116.5
event,243.0
event,299.0
event,95.0
event,294.5
event,297.0
event,10.5
event,300.0
event,103.33
event,166.5
event,27.0
event,113.5
event,227.5
event,199.0
event,137.5
event,213.0
event,173.5
event,247.0
event,251.5
event,35.0
event,16.5
event,12.5
event,293.5
event,231.5
event,166.5
event,52.0
event,10.0
event,34.0
event,70.5
event,232.0
event,120.0
event,92.0
event,39.5
event,16.5
event,119.0
event,89.5
event,49.5
event,14.5
event,36.5
event,11.0
event,75.5
event,232.5
event,56.0
event,145.5
event,51.5
event,96.0
event,40.5
event,10.0
event,12.0
event,12.0
event,180.5
event,210.0
event,20.5
event,30.0
event,33.5
event,17.5
event,10.5
event,74.0
event,152.0
event,256.5
event,119.5
event,285.0
event,74.5
event,64.0
event,11.0
event,87.5
event,122.0
event,40.0
event,152.5
event,11.5
event,17.0
event,17.0
event,68.0
event,12.5
event,12.5
event,12.5
event,30.5
event,38.0
event,108.5
event,28.5
event,132.5
event,10.5
event,10.5
event,14.0
event,300.0
event,258.23
event,18.0
event,141.5
event,11.0
event,210.0
event,14.5
event,25.5
event,31.0
event,10.0
event,90.0
event,10.0
event,156.0
event,172.0
event,134.5
event,43.5
event,100.5
event,26.5
event,11.0
event,25.5
event,11.5
event,43.5
event,121.0
event,184.5
event,34.0
event,30.5
event,55.0
event,29.5
event,12.5
event,44.5
event,38.5
event,32.5
event,18.0
event,34.5
event,104.5
event,18.0
event,20.0
event,112.0
event,16.0
event,17.0
event,132.0
event,30.0
event,20.5
event,15.0
event,34.5
event,12.0
event,61.0
event,109.0
event,19.0
event,22.0
event,15.0
event,48.5
event,24.0
event,28.5
event,15.0
event,10.5
event,60.0
event,34.5
event,11.5
event,21.0
event,20.5
event,17.5
event,68.5
event,141.5
event,10.0
event,10.0
event,76.0
event,245.0
event,24.5
event,10.0
event,12.0
event,14.0
event,110.5
event,44.5
event,25.5
event,13.5
event,23.0
event,106.0
event,21.0
event,290.5
event,283.5
event,50.0
event,37.5
event,20.0
event,253.0
event,21.5
event,17.0
event,158.0
event,11.0
event,32.0
event,69.0
event,110.5
event,22.5
event,27.5
event,32.5
event,59.5
event,26.0
event,48.0
event,22.0
event,75.0
event,12.5
event,36.5
event,10.0
event,11.0
event,54.5
event,64.0
event,14.5
event,142.0
event,61.5
event,32.0
event,21.0
event,10.0
event,37.0
event,265.5
event,10.0
event,21.5
event,118.0
event,37.0
event,53.0
event,41.0
event,41.5
event,164.0
event,14.5
event,16.0
event,35.5
event,13.0
event,77.0
event,23.5
event,23.5
event,15.5
event,204.5
event,40.0
event,14.5
event,22.5
event,13.5
event,37.5
event,29.0
event,73.0
event,79.0
event,46.5
event,45.0
event,12.5
event,23.0
event,21.0
event,11.5
event,14.5
event,20.5
event,32.0
event,176.5
event,115.0
event,18.0
event,49.0
event,10.5
event,12.5
event,204.5
event,13.0
event,17.0
event,85.0
event,33.0
event,16.5
event,55.5
event,80.0
event,10.0
event,14.5
event,17.0
event,26.5
event,54.5
event,11.0
event,21.0
event,18.0
event,21.5
event,58.0
event,20.0
event,126.5
event,10.5
event,23.0
event,36.5
event,18.5
event,13.0
event,22.5
event,93.5
event,33.0
